top_high5_result_id,contestant_id,contest_id,category_id,level,jurisdiction,bad_round_id,authoritative_round_id,rank,score,total_votes,migrated,created_at,reason,preserved_top_high5_result_id
44,96,27,6,regional,West Africa,21,3,1,0,0,True,2026-09-14 18:59:17.763990,CROSS_ROUND_DUPLICATE_FREEZE,1025
45,110,34,1,regional,West Africa,21,3,1,0,0,True,2026-09-14 18:59:17.763990,CROSS_ROUND_DUPLICATE_FREEZE,1033
47,124,41,16,regional,West Africa,21,3,1,0,0,True,2026-09-14 18:59:17.763990,CROSS_ROUND_DUPLICATE_FREEZE,1053
48,870,41,16,regional,West Africa,21,4,2,0,0,True,2026-09-14 18:59:17.763990,CROSS_ROUND_DUPLICATE_FREEZE,1446
49,876,41,16,regional,West Africa,21,4,3,0,0,True,2026-09-14 18:59:17.763990,CROSS_ROUND_DUPLICATE_FREEZE,1445
50,671,41,16,regional,East Africa,21,4,1,0,0,True,2026-09-14 18:59:17.763990,CROSS_ROUND_DUPLICATE_FREEZE,1451
51,677,41,16,regional,East Africa,21,4,2,0,0,True,2026-09-14 18:59:17.763990,CROSS_ROUND_DUPLICATE_FREEZE,1450
52,906,41,16,regional,East Africa,21,4,3,0,0,True,2026-09-14 18:59:17.763990,CROSS_ROUND_DUPLICATE_FREEZE,1449
53,946,41,16,regional,East Africa,21,4,4,0,0,True,2026-09-14 18:59:17.763990,CROSS_ROUND_DUPLICATE_FREEZE,1447
54,918,41,16,regional,East Africa,21,4,5,0,0,True,2026-09-14 18:59:17.763990,CROSS_ROUND_DUPLICATE_FREEZE,1448
55,126,42,64,regional,West Africa,21,3,1,0,0,True,2026-09-14 18:59:17.763990,CROSS_ROUND_DUPLICATE_FREEZE,1056
56,871,42,64,regional,West Africa,21,4,2,0,0,True,2026-09-14 18:59:17.763990,CROSS_ROUND_DUPLICATE_FREEZE,1453
57,879,42,64,regional,West Africa,21,4,3,0,0,True,2026-09-14 18:59:17.763990,CROSS_ROUND_DUPLICATE_FREEZE,1452
58,919,42,64,regional,East Africa,21,4,1,0,0,True,2026-09-14 18:59:17.763990,CROSS_ROUND_DUPLICATE_FREEZE,1455
59,908,42,64,regional,East Africa,21,4,2,0,0,True,2026-09-14 18:59:17.763990,CROSS_ROUND_DUPLICATE_FREEZE,1456
60,947,42,64,regional,East Africa,21,4,3,0,0,True,2026-09-14 18:59:17.763990,CROSS_ROUND_DUPLICATE_FREEZE,1454
61,904,42,64,regional,East Africa,21,4,4,0,0,True,2026-09-14 18:59:17.763990,CROSS_ROUND_DUPLICATE_FREEZE,1457
62,459,42,64,regional,East Africa,21,3,5,0,0,True,2026-09-14 18:59:17.763990,CROSS_ROUND_DUPLICATE_FREEZE,1055
63,907,45,15,regional,East Africa,21,4,1,0,0,True,2026-09-14 18:59:17.763990,CROSS_ROUND_DUPLICATE_FREEZE,1460
64,920,45,15,regional,East Africa,21,4,2,0,0,True,2026-09-14 18:59:17.763990,CROSS_ROUND_DUPLICATE_FREEZE,1459
65,501,45,15,regional,East Africa,21,3,3,0,0,True,2026-09-14 18:59:17.763990,CROSS_ROUND_DUPLICATE_FREEZE,1059
67,678,45,15,regional,East Africa,21,4,5,0,0,True,2026-09-14 18:59:17.763990,CROSS_ROUND_DUPLICATE_FREEZE,1461
68,132,45,15,regional,West Africa,21,3,1,0,0,True,2026-09-14 18:59:17.763990,CROSS_ROUND_DUPLICATE_FREEZE,1060
69,877,45,15,regional,West Africa,21,4,2,0,0,True,2026-09-14 18:59:17.763990,CROSS_ROUND_DUPLICATE_FREEZE,1462
70,868,45,15,regional,West Africa,21,4,3,0,0,True,2026-09-14 18:59:17.763990,CROSS_ROUND_DUPLICATE_FREEZE,1463
71,136,47,65,regional,West Africa,21,3,1,0,0,True,2026-09-14 18:59:17.763990,CROSS_ROUND_DUPLICATE_FREEZE,1061
72,878,47,65,regional,West Africa,21,4,2,0,0,True,2026-09-14 18:59:17.763990,CROSS_ROUND_DUPLICATE_FREEZE,1468
73,869,47,65,regional,West Africa,21,4,3,0,0,True,2026-09-14 18:59:17.763990,CROSS_ROUND_DUPLICATE_FREEZE,1469
74,905,47,65,regional,East Africa,21,4,1,0,0,True,2026-09-14 18:59:17.763990,CROSS_ROUND_DUPLICATE_FREEZE,1467
75,910,47,65,regional,East Africa,21,4,2,0,0,True,2026-09-14 18:59:17.763990,CROSS_ROUND_DUPLICATE_FREEZE,1466
76,921,47,65,regional,East Africa,21,4,3,0,0,True,2026-09-14 18:59:17.763990,CROSS_ROUND_DUPLICATE_FREEZE,1465
77,949,47,65,regional,East Africa,21,4,4,0,0,True,2026-09-14 18:59:17.763990,CROSS_ROUND_DUPLICATE_FREEZE,1464
79,140,49,46,regional,West Africa,21,3,1,0,0,True,2026-09-14 18:59:17.763990,CROSS_ROUND_DUPLICATE_FREEZE,1064
80,514,49,46,regional,East Africa,21,3,1,0,0,True,2026-09-14 18:59:17.763990,CROSS_ROUND_DUPLICATE_FREEZE,1063
81,552,49,46,regional,East Africa,21,3,2,0,0,True,2026-09-14 18:59:17.763990,CROSS_ROUND_DUPLICATE_FREEZE,1062
82,144,51,47,regional,West Africa,21,3,1,0,0,True,2026-09-14 18:59:17.763990,CROSS_ROUND_DUPLICATE_FREEZE,1065
83,148,53,66,regional,West Africa,21,3,1,0,0,True,2026-09-14 18:59:17.763990,CROSS_ROUND_DUPLICATE_FREEZE,1066
84,152,55,67,regional,West Africa,21,3,1,0,0,True,2026-09-14 18:59:17.763990,CROSS_ROUND_DUPLICATE_FREEZE,1067
85,156,57,68,regional,West Africa,21,3,1,0,0,True,2026-09-14 18:59:17.763990,CROSS_ROUND_DUPLICATE_FREEZE,1068
86,160,59,69,regional,West Africa,21,3,1,0,0,True,2026-09-14 18:59:17.763990,CROSS_ROUND_DUPLICATE_FREEZE,1071
87,572,59,69,regional,East Africa,21,3,1,0,0,True,2026-09-14 18:59:17.763990,CROSS_ROUND_DUPLICATE_FREEZE,1069
88,557,59,69,regional,East Africa,21,3,2,0,0,True,2026-09-14 18:59:17.763990,CROSS_ROUND_DUPLICATE_FREEZE,1070
89,164,61,70,regional,West Africa,21,3,1,0,0,True,2026-09-14 18:59:17.763990,CROSS_ROUND_DUPLICATE_FREEZE,1072
90,166,62,70,regional,West Africa,21,3,1,0,0,True,2026-09-14 18:59:17.763990,CROSS_ROUND_DUPLICATE_FREEZE,1074
91,559,62,70,regional,East Africa,21,3,1,0,0,True,2026-09-14 18:59:17.763990,CROSS_ROUND_DUPLICATE_FREEZE,1073
92,930,64,55,regional,West Africa,21,4,1,0,0,True,2026-09-14 18:59:17.763990,CROSS_ROUND_DUPLICATE_FREEZE,1484
93,932,64,55,regional,West Africa,21,4,2,0,0,True,2026-09-14 18:59:17.763990,CROSS_ROUND_DUPLICATE_FREEZE,1483
94,170,64,55,regional,West Africa,21,3,3,0,0,True,2026-09-14 18:59:17.763990,CROSS_ROUND_DUPLICATE_FREEZE,1075
95,935,64,55,regional,East Africa,21,4,1,0,0,True,2026-09-14 18:59:17.763990,CROSS_ROUND_DUPLICATE_FREEZE,1486
96,504,64,55,regional,East Africa,21,3,2,0,0,True,2026-09-14 18:59:17.763990,CROSS_ROUND_DUPLICATE_FREEZE,1076
97,933,64,55,regional,East Africa,21,4,3,0,0,True,2026-09-14 18:59:17.763990,CROSS_ROUND_DUPLICATE_FREEZE,1487
98,940,64,55,regional,East Africa,21,4,4,0,0,True,2026-09-14 18:59:17.763990,CROSS_ROUND_DUPLICATE_FREEZE,1485
99,174,66,61,regional,West Africa,21,3,1,0,0,True,2026-09-14 18:59:17.763990,CROSS_ROUND_DUPLICATE_FREEZE,1077
100,178,68,51,regional,West Africa,21,3,1,0,0,True,2026-09-14 18:59:17.763990,CROSS_ROUND_DUPLICATE_FREEZE,1078
101,182,70,56,regional,West Africa,21,3,1,0,0,True,2026-09-14 18:59:17.763990,CROSS_ROUND_DUPLICATE_FREEZE,1079
102,976,72,7,regional,East Africa,21,4,1,0,0,True,2026-09-14 18:59:17.763990,CROSS_ROUND_DUPLICATE_FREEZE,1491
103,642,72,7,regional,East Africa,21,4,2,0,0,True,2026-09-14 18:59:17.763990,CROSS_ROUND_DUPLICATE_FREEZE,1492
104,186,72,7,regional,West Africa,21,3,1,0,0,True,2026-09-14 18:59:17.763990,CROSS_ROUND_DUPLICATE_FREEZE,1080
105,190,74,23,regional,West Africa,21,3,1,0,0,True,2026-09-14 18:59:17.763990,CROSS_ROUND_DUPLICATE_FREEZE,1084
106,633,74,23,regional,West Africa,21,3,2,0,0,True,2026-09-14 18:59:17.763990,CROSS_ROUND_DUPLICATE_FREEZE,1083
107,585,74,23,regional,West Africa,21,3,3,0,0,True,2026-09-14 18:59:17.763990,CROSS_ROUND_DUPLICATE_FREEZE,1082
108,589,74,23,regional,West Africa,21,3,4,0,0,True,2026-09-14 18:59:17.763990,CROSS_ROUND_DUPLICATE_FREEZE,1081
109,194,76,2,regional,West Africa,21,3,1,0,0,True,2026-09-14 18:59:17.763990,CROSS_ROUND_DUPLICATE_FREEZE,1085
111,972,80,71,regional,East Africa,21,4,2,0,0,True,2026-09-14 18:59:17.763990,CROSS_ROUND_DUPLICATE_FREEZE,1506
112,998,80,71,regional,East Africa,21,4,3,0,0,True,2026-09-14 18:59:17.763990,CROSS_ROUND_DUPLICATE_FREEZE,1503
113,980,80,71,regional,East Africa,21,4,4,0,0,True,2026-09-14 18:59:17.763990,CROSS_ROUND_DUPLICATE_FREEZE,1505
114,982,80,71,regional,East Africa,21,4,5,0,0,True,2026-09-14 18:59:17.763990,CROSS_ROUND_DUPLICATE_FREEZE,1504
115,202,80,71,regional,West Africa,21,3,1,0,0,True,2026-09-14 18:59:17.763990,CROSS_ROUND_DUPLICATE_FREEZE,1092
116,206,82,72,regional,West Africa,21,3,1,0,0,True,2026-09-14 18:59:17.763990,CROSS_ROUND_DUPLICATE_FREEZE,1093
117,959,84,73,regional,East Africa,21,4,1,0,0,True,2026-09-14 18:59:17.763990,CROSS_ROUND_DUPLICATE_FREEZE,1508
118,210,84,73,regional,West Africa,21,3,1,0,0,True,2026-09-14 18:59:17.763990,CROSS_ROUND_DUPLICATE_FREEZE,1094
120,526,86,74,regional,East Africa,21,3,2,0,0,True,2026-09-14 18:59:17.763990,CROSS_ROUND_DUPLICATE_FREEZE,1095
122,214,86,74,regional,West Africa,21,3,1,0,0,True,2026-09-14 18:59:17.763990,CROSS_ROUND_DUPLICATE_FREEZE,1096
123,850,88,75,regional,West Africa,21,4,1,0,0,True,2026-09-14 18:59:17.763990,CROSS_ROUND_DUPLICATE_FREEZE,1515
124,864,88,75,regional,West Africa,21,4,2,0,0,True,2026-09-14 18:59:17.763990,CROSS_ROUND_DUPLICATE_FREEZE,1514
125,866,88,75,regional,West Africa,21,4,3,0,0,True,2026-09-14 18:59:17.763990,CROSS_ROUND_DUPLICATE_FREEZE,1513
126,218,88,75,regional,West Africa,21,3,4,0,0,True,2026-09-14 18:59:17.763990,CROSS_ROUND_DUPLICATE_FREEZE,1097
127,873,90,76,regional,West Africa,21,4,1,0,0,True,2026-09-14 18:59:17.763990,CROSS_ROUND_DUPLICATE_FREEZE,1517
128,881,90,76,regional,West Africa,21,4,2,0,0,True,2026-09-14 18:59:17.763990,CROSS_ROUND_DUPLICATE_FREEZE,1516
129,222,90,76,regional,West Africa,21,3,3,0,0,True,2026-09-14 18:59:17.763990,CROSS_ROUND_DUPLICATE_FREEZE,1098
130,885,92,77,regional,West Africa,21,4,1,0,0,True,2026-09-14 18:59:17.763990,CROSS_ROUND_DUPLICATE_FREEZE,1520
131,886,92,77,regional,West Africa,21,4,2,0,0,True,2026-09-14 18:59:17.763990,CROSS_ROUND_DUPLICATE_FREEZE,1519
132,893,92,77,regional,West Africa,21,4,3,0,0,True,2026-09-14 18:59:17.763990,CROSS_ROUND_DUPLICATE_FREEZE,1518
133,226,92,77,regional,West Africa,21,3,4,0,0,True,2026-09-14 18:59:17.763990,CROSS_ROUND_DUPLICATE_FREEZE,1099
134,230,94,78,regional,West Africa,21,3,1,0,0,True,2026-09-14 18:59:17.763990,CROSS_ROUND_DUPLICATE_FREEZE,1100
135,238,98,80,regional,West Africa,21,3,1,0,0,True,2026-09-14 18:59:17.763990,CROSS_ROUND_DUPLICATE_FREEZE,1101
136,242,100,81,regional,West Africa,21,3,1,0,0,True,2026-09-14 18:59:17.763990,CROSS_ROUND_DUPLICATE_FREEZE,1102
137,874,100,81,regional,West Africa,21,4,2,0,0,True,2026-09-14 18:59:17.763990,CROSS_ROUND_DUPLICATE_FREEZE,1524
138,880,100,81,regional,West Africa,21,4,3,0,0,True,2026-09-14 18:59:17.763990,CROSS_ROUND_DUPLICATE_FREEZE,1523
139,246,102,82,regional,West Africa,21,3,1,0,0,True,2026-09-14 18:59:17.763990,CROSS_ROUND_DUPLICATE_FREEZE,1103
140,851,103,79,regional,West Africa,21,4,1,0,0,True,2026-09-14 18:59:17.763990,CROSS_ROUND_DUPLICATE_FREEZE,1526
141,248,103,79,regional,West Africa,21,3,2,0,0,True,2026-09-14 18:59:17.763990,CROSS_ROUND_DUPLICATE_FREEZE,1104
142,250,104,83,regional,West Africa,21,3,1,0,0,True,2026-09-14 18:59:17.763990,CROSS_ROUND_DUPLICATE_FREEZE,1105
143,254,106,84,regional,West Africa,21,3,1,0,0,True,2026-09-14 18:59:17.763990,CROSS_ROUND_DUPLICATE_FREEZE,1106
144,258,108,85,regional,West Africa,21,3,1,0,0,True,2026-09-14 18:59:17.763990,CROSS_ROUND_DUPLICATE_FREEZE,1107
145,262,110,86,regional,West Africa,21,3,1,0,0,True,2026-09-14 18:59:17.763990,CROSS_ROUND_DUPLICATE_FREEZE,1108
146,266,112,87,regional,West Africa,21,3,1,0,0,True,2026-09-14 18:59:17.763990,CROSS_ROUND_DUPLICATE_FREEZE,1109
147,270,114,88,regional,West Africa,21,3,1,0,0,True,2026-09-14 18:59:17.763990,CROSS_ROUND_DUPLICATE_FREEZE,1110
148,272,115,89,regional,West Africa,21,3,1,0,0,True,2026-09-14 18:59:17.763990,CROSS_ROUND_DUPLICATE_FREEZE,1111
149,276,117,90,regional,West Africa,21,3,1,0,0,True,2026-09-14 18:59:17.763990,CROSS_ROUND_DUPLICATE_FREEZE,1112
150,280,119,91,regional,West Africa,21,3,1,0,0,True,2026-09-14 18:59:17.763990,CROSS_ROUND_DUPLICATE_FREEZE,1113
151,1135,121,92,regional,West Africa,21,26,1,0,0,True,2026-09-14 18:59:17.763990,CROSS_ROUND_DUPLICATE_FREEZE,1767
152,1136,121,92,regional,West Africa,21,26,2,0,0,True,2026-09-14 18:59:17.763990,CROSS_ROUND_DUPLICATE_FREEZE,1766
153,284,121,92,regional,West Africa,21,3,3,0,0,True,2026-09-14 18:59:17.763990,CROSS_ROUND_DUPLICATE_FREEZE,1114
154,288,123,93,regional,West Africa,21,3,1,0,0,True,2026-09-14 18:59:17.763990,CROSS_ROUND_DUPLICATE_FREEZE,1115
155,292,125,94,regional,West Africa,21,3,1,0,0,True,2026-09-14 18:59:17.763990,CROSS_ROUND_DUPLICATE_FREEZE,1116
156,296,127,95,regional,West Africa,21,3,1,0,0,True,2026-09-14 18:59:17.763990,CROSS_ROUND_DUPLICATE_FREEZE,1117
157,300,129,96,regional,West Africa,21,3,1,0,0,True,2026-09-14 18:59:17.763990,CROSS_ROUND_DUPLICATE_FREEZE,1118
158,304,131,97,regional,West Africa,21,3,1,0,0,True,2026-09-14 18:59:17.763990,CROSS_ROUND_DUPLICATE_FREEZE,1119
159,308,133,98,regional,West Africa,21,3,1,0,0,True,2026-09-14 18:59:17.763990,CROSS_ROUND_DUPLICATE_FREEZE,1120
160,312,135,99,regional,West Africa,21,3,1,0,0,True,2026-09-14 18:59:17.763990,CROSS_ROUND_DUPLICATE_FREEZE,1121
161,320,139,37,regional,West Africa,21,3,1,0,0,True,2026-09-14 18:59:17.763990,CROSS_ROUND_DUPLICATE_FREEZE,1123
162,324,141,36,regional,West Africa,21,3,1,0,0,True,2026-09-14 18:59:17.763990,CROSS_ROUND_DUPLICATE_FREEZE,1124
163,328,143,27,regional,West Africa,21,3,1,0,0,True,2026-09-14 18:59:17.763990,CROSS_ROUND_DUPLICATE_FREEZE,1125
164,332,145,26,regional,West Africa,21,3,1,0,0,True,2026-09-14 18:59:17.763990,CROSS_ROUND_DUPLICATE_FREEZE,1126
165,573,147,41,regional,East Africa,21,3,1,0,0,True,2026-09-14 18:59:17.763990,CROSS_ROUND_DUPLICATE_FREEZE,1127
166,336,147,41,regional,West Africa,21,3,1,0,0,True,2026-09-14 18:59:17.763990,CROSS_ROUND_DUPLICATE_FREEZE,1128
167,340,149,39,regional,West Africa,21,3,1,0,0,True,2026-09-14 18:59:17.763990,CROSS_ROUND_DUPLICATE_FREEZE,1129
168,344,151,38,regional,West Africa,21,3,1,0,0,True,2026-09-14 18:59:17.763990,CROSS_ROUND_DUPLICATE_FREEZE,1130
169,348,153,21,regional,West Africa,21,3,1,0,0,True,2026-09-14 18:59:17.763990,CROSS_ROUND_DUPLICATE_FREEZE,1131
170,352,155,32,regional,West Africa,21,3,1,0,0,True,2026-09-14 18:59:17.763990,CROSS_ROUND_DUPLICATE_FREEZE,1132
171,356,157,101,regional,West Africa,21,3,1,0,0,True,2026-09-14 18:59:17.763990,CROSS_ROUND_DUPLICATE_FREEZE,1133
172,360,159,33,regional,West Africa,21,3,1,0,0,True,2026-09-14 18:59:17.763990,CROSS_ROUND_DUPLICATE_FREEZE,1134
173,364,161,102,regional,West Africa,21,3,1,0,0,True,2026-09-14 18:59:17.763990,CROSS_ROUND_DUPLICATE_FREEZE,1135
174,368,163,35,regional,West Africa,21,3,1,0,0,True,2026-09-14 18:59:17.763990,CROSS_ROUND_DUPLICATE_FREEZE,1136
175,372,165,103,regional,West Africa,21,3,1,0,0,True,2026-09-14 18:59:17.763990,CROSS_ROUND_DUPLICATE_FREEZE,1137
176,376,167,31,regional,West Africa,21,3,1,0,0,True,2026-09-14 18:59:17.763990,CROSS_ROUND_DUPLICATE_FREEZE,1138
177,380,169,105,regional,West Africa,21,3,1,0,0,True,2026-09-14 18:59:17.763990,CROSS_ROUND_DUPLICATE_FREEZE,1139
178,382,170,30,regional,West Africa,21,3,1,0,0,True,2026-09-14 18:59:17.763990,CROSS_ROUND_DUPLICATE_FREEZE,1140
179,384,171,104,regional,West Africa,21,3,1,0,0,True,2026-09-14 18:59:17.763990,CROSS_ROUND_DUPLICATE_FREEZE,1141
180,388,173,106,regional,West Africa,21,3,1,0,0,True,2026-09-14 18:59:17.763990,CROSS_ROUND_DUPLICATE_FREEZE,1142
181,1115,175,107,regional,East Africa,21,26,1,0,0,True,2026-09-14 18:59:17.763990,CROSS_ROUND_DUPLICATE_FREEZE,1768
182,612,175,107,regional,West Africa,21,3,1,0,0,True,2026-09-14 18:59:17.763990,CROSS_ROUND_DUPLICATE_FREEZE,1143
183,392,175,107,regional,West Africa,21,3,2,0,0,True,2026-09-14 18:59:17.763990,CROSS_ROUND_DUPLICATE_FREEZE,1144
187,565,190,114,regional,East Africa,21,3,2,0,0,True,2026-09-14 18:59:17.763990,CROSS_ROUND_DUPLICATE_FREEZE,1155
190,564,192,115,regional,East Africa,21,3,2,0,0,True,2026-09-14 18:59:17.763990,CROSS_ROUND_DUPLICATE_FREEZE,1156
193,791,196,117,regional,East Africa,21,4,2,0,0,True,2026-09-14 18:59:17.763990,CROSS_ROUND_DUPLICATE_FREEZE,1599
194,1119,213,118,regional,East Africa,21,26,1,0,0,True,2026-09-14 18:59:17.763990,CROSS_ROUND_DUPLICATE_FREEZE,1777
195,771,213,118,regional,East Africa,21,4,2,0,0,True,2026-09-14 18:59:17.763990,CROSS_ROUND_DUPLICATE_FREEZE,1604
200,1118,215,119,regional,East Africa,21,26,1,0,0,True,2026-09-14 18:59:17.763990,CROSS_ROUND_DUPLICATE_FREEZE,1778
202,789,215,119,regional,East Africa,21,4,3,0,0,True,2026-09-14 18:59:17.763990,CROSS_ROUND_DUPLICATE_FREEZE,1608
203,827,215,119,regional,East Africa,21,4,4,0,0,True,2026-09-14 18:59:17.763990,CROSS_ROUND_DUPLICATE_FREEZE,1607
205,914,215,119,regional,West Africa,21,4,1,0,0,True,2026-09-14 18:59:17.763990,CROSS_ROUND_DUPLICATE_FREEZE,1609
210,988,219,50,regional,East Africa,21,4,3,0,0,True,2026-09-14 18:59:17.763990,CROSS_ROUND_DUPLICATE_FREEZE,1612
212,936,223,53,regional,East Africa,21,4,1,0,0,True,2026-09-14 18:59:17.763990,CROSS_ROUND_DUPLICATE_FREEZE,1614
213,941,223,53,regional,East Africa,21,4,2,0,0,True,2026-09-14 18:59:17.763990,CROSS_ROUND_DUPLICATE_FREEZE,1613
222,995,11,10,continent,Africa,21,4,2,0,0,False,2026-09-14 18:59:21.393115,CROSS_ROUND_DUPLICATE_FREEZE,1625
223,992,11,10,continent,Africa,21,4,3,0,0,False,2026-09-14 18:59:21.393115,CROSS_ROUND_DUPLICATE_FREEZE,1626
224,984,11,10,continent,Africa,21,4,4,0,0,False,2026-09-14 18:59:21.393115,CROSS_ROUND_DUPLICATE_FREEZE,1628
226,974,13,19,continent,Africa,21,4,1,0,0,False,2026-09-14 18:59:21.393115,CROSS_ROUND_DUPLICATE_FREEZE,1629
227,776,13,19,continent,Africa,21,4,2,0,0,False,2026-09-14 18:59:21.393115,CROSS_ROUND_DUPLICATE_FREEZE,1822
228,664,13,19,continent,Africa,21,4,3,0,0,False,2026-09-14 18:59:21.393115,CROSS_ROUND_DUPLICATE_FREEZE,1630
229,648,13,19,continent,Africa,21,4,4,0,0,False,2026-09-14 18:59:21.393115,CROSS_ROUND_DUPLICATE_FREEZE,1821
231,839,15,20,continent,Africa,21,4,2,0,0,False,2026-09-14 18:59:21.393115,CROSS_ROUND_DUPLICATE_FREEZE,1631
232,784,15,20,continent,Africa,21,4,3,0,0,False,2026-09-14 18:59:21.393115,CROSS_ROUND_DUPLICATE_FREEZE,1826
234,662,15,20,continent,Africa,21,4,5,0,0,False,2026-09-14 18:59:21.393115,CROSS_ROUND_DUPLICATE_FREEZE,1828
236,640,17,45,continent,Africa,21,4,2,0,0,False,2026-09-14 18:59:21.393115,CROSS_ROUND_DUPLICATE_FREEZE,1633
237,463,17,45,continent,Africa,21,3,3,0,0,False,2026-09-14 18:59:21.393115,CROSS_ROUND_DUPLICATE_FREEZE,1204
238,944,19,9,continent,Africa,21,4,1,0,0,False,2026-09-14 18:59:21.393115,CROSS_ROUND_DUPLICATE_FREEZE,1635
239,837,19,9,continent,Africa,21,4,2,0,0,False,2026-09-14 18:59:21.393115,CROSS_ROUND_DUPLICATE_FREEZE,1636
240,803,19,9,continent,Africa,21,4,3,0,0,False,2026-09-14 18:59:21.393115,CROSS_ROUND_DUPLICATE_FREEZE,1637
242,511,19,9,continent,Africa,21,3,5,0,0,False,2026-09-14 18:59:21.393115,CROSS_ROUND_DUPLICATE_FREEZE,1206
244,915,21,44,continent,Africa,21,4,2,0,0,False,2026-09-14 18:59:21.393115,CROSS_ROUND_DUPLICATE_FREEZE,1641
245,841,21,44,continent,Africa,21,4,3,0,0,False,2026-09-14 18:59:21.393115,CROSS_ROUND_DUPLICATE_FREEZE,1642
246,840,21,44,continent,Africa,21,4,4,0,0,False,2026-09-14 18:59:21.393115,CROSS_ROUND_DUPLICATE_FREEZE,1643
247,775,21,44,continent,Africa,21,4,5,0,0,False,2026-09-14 18:59:21.393115,CROSS_ROUND_DUPLICATE_FREEZE,1644
252,883,25,3,continent,Africa,21,4,4,0,0,False,2026-09-14 18:59:21.393115,CROSS_ROUND_DUPLICATE_FREEZE,1645
253,875,25,3,continent,Africa,21,4,5,0,0,False,2026-09-14 18:59:21.393115,CROSS_ROUND_DUPLICATE_FREEZE,1646
254,996,29,8,continent,Africa,21,4,1,0,0,False,2026-09-14 18:59:21.393115,CROSS_ROUND_DUPLICATE_FREEZE,1648
255,975,29,8,continent,Africa,21,4,2,0,0,False,2026-09-14 18:59:21.393115,CROSS_ROUND_DUPLICATE_FREEZE,1649
256,675,29,8,continent,Africa,21,4,3,0,0,False,2026-09-14 18:59:21.393115,CROSS_ROUND_DUPLICATE_FREEZE,1864
257,656,29,8,continent,Africa,21,4,4,0,0,False,2026-09-14 18:59:21.393115,CROSS_ROUND_DUPLICATE_FREEZE,1863
258,577,29,8,continent,Africa,21,3,5,0,0,False,2026-09-14 18:59:21.393115,CROSS_ROUND_DUPLICATE_FREEZE,1224
262,945,31,25,continent,Africa,21,4,4,0,0,False,2026-09-14 18:59:21.393115,CROSS_ROUND_DUPLICATE_FREEZE,1651
263,917,31,25,continent,Africa,21,4,5,0,0,False,2026-09-14 18:59:21.393115,CROSS_ROUND_DUPLICATE_FREEZE,1652
264,1000,32,5,continent,Africa,21,4,1,0,0,False,2026-09-14 18:59:21.393115,CROSS_ROUND_DUPLICATE_FREEZE,1653
265,787,32,5,continent,Africa,21,4,2,0,0,False,2026-09-14 18:59:21.393115,CROSS_ROUND_DUPLICATE_FREEZE,1873
266,654,32,5,continent,Africa,21,4,3,0,0,False,2026-09-14 18:59:21.393115,CROSS_ROUND_DUPLICATE_FREEZE,1874
267,574,32,5,continent,Africa,21,3,4,0,0,False,2026-09-14 18:59:21.393115,CROSS_ROUND_DUPLICATE_FREEZE,1227
270,1001,37,62,continent,Africa,21,4,3,0,0,False,2026-09-14 18:59:21.393115,CROSS_ROUND_DUPLICATE_FREEZE,1654
276,632,78,22,continent,Africa,21,3,3,0,0,False,2026-09-14 18:59:21.393115,CROSS_ROUND_DUPLICATE_FREEZE,1276
277,628,78,22,continent,Africa,21,3,4,0,0,False,2026-09-14 18:59:21.393115,CROSS_ROUND_DUPLICATE_FREEZE,1277
278,623,78,22,continent,Africa,21,3,5,0,0,False,2026-09-14 18:59:21.393115,CROSS_ROUND_DUPLICATE_FREEZE,1278
282,911,177,108,continent,Africa,21,4,1,0,0,False,2026-09-14 18:59:21.393115,CROSS_ROUND_DUPLICATE_FREEZE,1902
283,882,177,108,continent,Africa,21,4,2,0,0,False,2026-09-14 18:59:21.393115,CROSS_ROUND_DUPLICATE_FREEZE,1707
284,872,177,108,continent,Africa,21,4,3,0,0,False,2026-09-14 18:59:21.393115,CROSS_ROUND_DUPLICATE_FREEZE,1706
285,838,177,108,continent,Africa,21,4,4,0,0,False,2026-09-14 18:59:21.393115,CROSS_ROUND_DUPLICATE_FREEZE,1899
297,774,217,120,continent,Africa,21,4,1,0,0,False,2026-09-14 18:59:21.393115,CROSS_ROUND_DUPLICATE_FREEZE,1723
298,773,217,120,continent,Africa,21,4,2,0,0,False,2026-09-14 18:59:21.393115,CROSS_ROUND_DUPLICATE_FREEZE,1724
299,96,27,6,continent,Africa,21,3,1,0,0,False,2026-09-14 19:01:11.638680,CROSS_ROUND_DUPLICATE_FREEZE,1221
300,110,34,1,continent,Africa,21,3,1,0,0,False,2026-09-14 19:01:14.916547,CROSS_ROUND_DUPLICATE_FREEZE,1229
301,946,41,16,continent,Africa,21,4,1,0,0,False,2026-09-14 19:01:14.985967,CROSS_ROUND_DUPLICATE_FREEZE,1660
302,918,41,16,continent,Africa,21,4,2,0,0,False,2026-09-14 19:01:14.985967,CROSS_ROUND_DUPLICATE_FREEZE,1661
303,906,41,16,continent,Africa,21,4,3,0,0,False,2026-09-14 19:01:14.985967,CROSS_ROUND_DUPLICATE_FREEZE,1662
304,876,41,16,continent,Africa,21,4,4,0,0,False,2026-09-14 19:01:14.985967,CROSS_ROUND_DUPLICATE_FREEZE,1663
305,870,41,16,continent,Africa,21,4,5,0,0,False,2026-09-14 19:01:14.985967,CROSS_ROUND_DUPLICATE_FREEZE,1664
306,947,42,64,continent,Africa,21,4,1,0,0,False,2026-09-14 19:01:15.079553,CROSS_ROUND_DUPLICATE_FREEZE,1665
307,919,42,64,continent,Africa,21,4,2,0,0,False,2026-09-14 19:01:15.079553,CROSS_ROUND_DUPLICATE_FREEZE,1666
308,908,42,64,continent,Africa,21,4,3,0,0,False,2026-09-14 19:01:15.079553,CROSS_ROUND_DUPLICATE_FREEZE,1667
309,904,42,64,continent,Africa,21,4,4,0,0,False,2026-09-14 19:01:15.079553,CROSS_ROUND_DUPLICATE_FREEZE,1668
310,879,42,64,continent,Africa,21,4,5,0,0,False,2026-09-14 19:01:15.079553,CROSS_ROUND_DUPLICATE_FREEZE,1669
312,948,45,15,continent,Africa,21,4,2,0,0,False,2026-09-14 19:01:15.162014,CROSS_ROUND_DUPLICATE_FREEZE,1670
313,920,45,15,continent,Africa,21,4,3,0,0,False,2026-09-14 19:01:15.162014,CROSS_ROUND_DUPLICATE_FREEZE,1671
314,907,45,15,continent,Africa,21,4,4,0,0,False,2026-09-14 19:01:15.162014,CROSS_ROUND_DUPLICATE_FREEZE,1672
315,877,45,15,continent,Africa,21,4,5,0,0,False,2026-09-14 19:01:15.162014,CROSS_ROUND_DUPLICATE_FREEZE,1673
316,949,47,65,continent,Africa,21,4,1,0,0,False,2026-09-14 19:01:15.242243,CROSS_ROUND_DUPLICATE_FREEZE,1675
317,921,47,65,continent,Africa,21,4,2,0,0,False,2026-09-14 19:01:15.242243,CROSS_ROUND_DUPLICATE_FREEZE,1676
318,910,47,65,continent,Africa,21,4,3,0,0,False,2026-09-14 19:01:15.242243,CROSS_ROUND_DUPLICATE_FREEZE,1677
319,905,47,65,continent,Africa,21,4,4,0,0,False,2026-09-14 19:01:15.242243,CROSS_ROUND_DUPLICATE_FREEZE,1678
320,878,47,65,continent,Africa,21,4,5,0,0,False,2026-09-14 19:01:15.242243,CROSS_ROUND_DUPLICATE_FREEZE,1679
321,552,49,46,continent,Africa,21,3,1,0,0,False,2026-09-14 19:01:15.318061,CROSS_ROUND_DUPLICATE_FREEZE,1252
322,514,49,46,continent,Africa,21,3,2,0,0,False,2026-09-14 19:01:15.318061,CROSS_ROUND_DUPLICATE_FREEZE,1253
323,140,49,46,continent,Africa,21,3,3,0,0,False,2026-09-14 19:01:15.318061,CROSS_ROUND_DUPLICATE_FREEZE,1254
324,144,51,47,continent,Africa,21,3,1,0,0,False,2026-09-14 19:01:15.385293,CROSS_ROUND_DUPLICATE_FREEZE,1255
325,148,53,66,continent,Africa,21,3,1,0,0,False,2026-09-14 19:01:15.449482,CROSS_ROUND_DUPLICATE_FREEZE,1256
326,152,55,67,continent,Africa,21,3,1,0,0,False,2026-09-14 19:01:15.518945,CROSS_ROUND_DUPLICATE_FREEZE,1257
327,156,57,68,continent,Africa,21,3,1,0,0,False,2026-09-14 19:01:15.574882,CROSS_ROUND_DUPLICATE_FREEZE,1258
328,572,59,69,continent,Africa,21,3,1,0,0,False,2026-09-14 19:01:15.631082,CROSS_ROUND_DUPLICATE_FREEZE,1259
329,557,59,69,continent,Africa,21,3,2,0,0,False,2026-09-14 19:01:15.631082,CROSS_ROUND_DUPLICATE_FREEZE,1260
330,160,59,69,continent,Africa,21,3,3,0,0,False,2026-09-14 19:01:15.631082,CROSS_ROUND_DUPLICATE_FREEZE,1261
331,164,61,70,continent,Africa,21,3,1,0,0,False,2026-09-14 19:01:15.696207,CROSS_ROUND_DUPLICATE_FREEZE,1262
332,559,62,70,continent,Africa,21,3,1,0,0,False,2026-09-14 19:01:15.753888,CROSS_ROUND_DUPLICATE_FREEZE,1263
333,166,62,70,continent,Africa,21,3,2,0,0,False,2026-09-14 19:01:15.753888,CROSS_ROUND_DUPLICATE_FREEZE,1264
334,940,64,55,continent,Africa,21,4,1,0,0,False,2026-09-14 19:01:15.813050,CROSS_ROUND_DUPLICATE_FREEZE,1680
335,935,64,55,continent,Africa,21,4,2,0,0,False,2026-09-14 19:01:15.813050,CROSS_ROUND_DUPLICATE_FREEZE,1681
336,933,64,55,continent,Africa,21,4,3,0,0,False,2026-09-14 19:01:15.813050,CROSS_ROUND_DUPLICATE_FREEZE,1682
337,932,64,55,continent,Africa,21,4,4,0,0,False,2026-09-14 19:01:15.813050,CROSS_ROUND_DUPLICATE_FREEZE,1683
338,930,64,55,continent,Africa,21,4,5,0,0,False,2026-09-14 19:01:15.813050,CROSS_ROUND_DUPLICATE_FREEZE,1684
339,174,66,61,continent,Africa,21,3,1,0,0,False,2026-09-14 19:01:15.884698,CROSS_ROUND_DUPLICATE_FREEZE,1267
340,178,68,51,continent,Africa,21,3,1,0,0,False,2026-09-14 19:01:15.945942,CROSS_ROUND_DUPLICATE_FREEZE,1268
341,182,70,56,continent,Africa,21,3,1,0,0,False,2026-09-14 19:01:16.011235,CROSS_ROUND_DUPLICATE_FREEZE,1269
342,976,72,7,continent,Africa,21,4,1,0,0,False,2026-09-14 19:01:16.096653,CROSS_ROUND_DUPLICATE_FREEZE,1685
343,642,72,7,continent,Africa,21,4,2,0,0,False,2026-09-14 19:01:16.096653,CROSS_ROUND_DUPLICATE_FREEZE,1686
344,186,72,7,continent,Africa,21,3,3,0,0,False,2026-09-14 19:01:16.096653,CROSS_ROUND_DUPLICATE_FREEZE,1270
345,633,74,23,continent,Africa,21,3,1,0,0,False,2026-09-14 19:01:16.179181,CROSS_ROUND_DUPLICATE_FREEZE,1271
346,589,74,23,continent,Africa,21,3,2,0,0,False,2026-09-14 19:01:16.179181,CROSS_ROUND_DUPLICATE_FREEZE,1272
347,585,74,23,continent,Africa,21,3,3,0,0,False,2026-09-14 19:01:16.179181,CROSS_ROUND_DUPLICATE_FREEZE,1273
348,190,74,23,continent,Africa,21,3,4,0,0,False,2026-09-14 19:01:16.179181,CROSS_ROUND_DUPLICATE_FREEZE,1274
349,194,76,2,continent,Africa,21,3,1,0,0,False,2026-09-14 19:01:16.259576,CROSS_ROUND_DUPLICATE_FREEZE,1275
351,998,80,71,continent,Africa,21,4,2,0,0,False,2026-09-14 19:01:16.336241,CROSS_ROUND_DUPLICATE_FREEZE,1687
352,982,80,71,continent,Africa,21,4,3,0,0,False,2026-09-14 19:01:16.336241,CROSS_ROUND_DUPLICATE_FREEZE,1688
353,980,80,71,continent,Africa,21,4,4,0,0,False,2026-09-14 19:01:16.336241,CROSS_ROUND_DUPLICATE_FREEZE,1689
354,972,80,71,continent,Africa,21,4,5,0,0,False,2026-09-14 19:01:16.336241,CROSS_ROUND_DUPLICATE_FREEZE,1690
355,206,82,72,continent,Africa,21,3,1,0,0,False,2026-09-14 19:01:16.423914,CROSS_ROUND_DUPLICATE_FREEZE,1283
356,959,84,73,continent,Africa,21,4,1,0,0,False,2026-09-14 19:01:16.486750,CROSS_ROUND_DUPLICATE_FREEZE,1691
357,210,84,73,continent,Africa,21,3,2,0,0,False,2026-09-14 19:01:16.486750,CROSS_ROUND_DUPLICATE_FREEZE,1284
359,214,86,74,continent,Africa,21,3,2,0,0,False,2026-09-14 19:01:16.551742,CROSS_ROUND_DUPLICATE_FREEZE,1286
360,866,88,75,continent,Africa,21,4,1,0,0,False,2026-09-14 19:01:16.619415,CROSS_ROUND_DUPLICATE_FREEZE,1692
361,864,88,75,continent,Africa,21,4,2,0,0,False,2026-09-14 19:01:16.619415,CROSS_ROUND_DUPLICATE_FREEZE,1693
362,850,88,75,continent,Africa,21,4,3,0,0,False,2026-09-14 19:01:16.619415,CROSS_ROUND_DUPLICATE_FREEZE,1694
363,218,88,75,continent,Africa,21,3,4,0,0,False,2026-09-14 19:01:16.619415,CROSS_ROUND_DUPLICATE_FREEZE,1287
364,881,90,76,continent,Africa,21,4,1,0,0,False,2026-09-14 19:01:16.681130,CROSS_ROUND_DUPLICATE_FREEZE,1695
365,873,90,76,continent,Africa,21,4,2,0,0,False,2026-09-14 19:01:16.681130,CROSS_ROUND_DUPLICATE_FREEZE,1696
366,222,90,76,continent,Africa,21,3,3,0,0,False,2026-09-14 19:01:16.681130,CROSS_ROUND_DUPLICATE_FREEZE,1288
367,893,92,77,continent,Africa,21,4,1,0,0,False,2026-09-14 19:01:16.747796,CROSS_ROUND_DUPLICATE_FREEZE,1697
368,886,92,77,continent,Africa,21,4,2,0,0,False,2026-09-14 19:01:16.747796,CROSS_ROUND_DUPLICATE_FREEZE,1698
369,885,92,77,continent,Africa,21,4,3,0,0,False,2026-09-14 19:01:16.747796,CROSS_ROUND_DUPLICATE_FREEZE,1699
370,226,92,77,continent,Africa,21,3,4,0,0,False,2026-09-14 19:01:16.747796,CROSS_ROUND_DUPLICATE_FREEZE,1289
371,230,94,78,continent,Africa,21,3,1,0,0,False,2026-09-14 19:01:16.887229,CROSS_ROUND_DUPLICATE_FREEZE,1290
372,238,98,80,continent,Africa,21,3,1,0,0,False,2026-09-14 19:01:16.948375,CROSS_ROUND_DUPLICATE_FREEZE,1291
373,880,100,81,continent,Africa,21,4,1,0,0,False,2026-09-14 19:01:17.009003,CROSS_ROUND_DUPLICATE_FREEZE,1700
374,874,100,81,continent,Africa,21,4,2,0,0,False,2026-09-14 19:01:17.009003,CROSS_ROUND_DUPLICATE_FREEZE,1701
375,242,100,81,continent,Africa,21,3,3,0,0,False,2026-09-14 19:01:17.009003,CROSS_ROUND_DUPLICATE_FREEZE,1292
376,246,102,82,continent,Africa,21,3,1,0,0,False,2026-09-14 19:01:17.082642,CROSS_ROUND_DUPLICATE_FREEZE,1293
377,851,103,79,continent,Africa,21,4,1,0,0,False,2026-09-14 19:01:17.156589,CROSS_ROUND_DUPLICATE_FREEZE,1702
378,248,103,79,continent,Africa,21,3,2,0,0,False,2026-09-14 19:01:17.156589,CROSS_ROUND_DUPLICATE_FREEZE,1294
379,250,104,83,continent,Africa,21,3,1,0,0,False,2026-09-14 19:01:17.218202,CROSS_ROUND_DUPLICATE_FREEZE,1295
380,254,106,84,continent,Africa,21,3,1,0,0,False,2026-09-14 19:01:17.283656,CROSS_ROUND_DUPLICATE_FREEZE,1296
381,258,108,85,continent,Africa,21,3,1,0,0,False,2026-09-14 19:01:17.351403,CROSS_ROUND_DUPLICATE_FREEZE,1297
382,262,110,86,continent,Africa,21,3,1,0,0,False,2026-09-14 19:01:17.415955,CROSS_ROUND_DUPLICATE_FREEZE,1298
383,266,112,87,continent,Africa,21,3,1,0,0,False,2026-09-14 19:01:17.477746,CROSS_ROUND_DUPLICATE_FREEZE,1299
384,270,114,88,continent,Africa,21,3,1,0,0,False,2026-09-14 19:01:17.540988,CROSS_ROUND_DUPLICATE_FREEZE,1300
385,272,115,89,continent,Africa,21,3,1,0,0,False,2026-09-14 19:01:17.600072,CROSS_ROUND_DUPLICATE_FREEZE,1301
386,276,117,90,continent,Africa,21,3,1,0,0,False,2026-09-14 19:01:17.659316,CROSS_ROUND_DUPLICATE_FREEZE,1302
387,280,119,91,continent,Africa,21,3,1,0,0,False,2026-09-14 19:01:17.709921,CROSS_ROUND_DUPLICATE_FREEZE,1303
390,284,121,92,continent,Africa,21,3,3,0,0,False,2026-09-14 19:01:17.761926,CROSS_ROUND_DUPLICATE_FREEZE,1304
391,288,123,93,continent,Africa,21,3,1,0,0,False,2026-09-14 19:01:17.819869,CROSS_ROUND_DUPLICATE_FREEZE,1305
392,292,125,94,continent,Africa,21,3,1,0,0,False,2026-09-14 19:01:17.874286,CROSS_ROUND_DUPLICATE_FREEZE,1306
393,296,127,95,continent,Africa,21,3,1,0,0,False,2026-09-14 19:01:17.927267,CROSS_ROUND_DUPLICATE_FREEZE,1307
394,300,129,96,continent,Africa,21,3,1,0,0,False,2026-09-14 19:01:17.982120,CROSS_ROUND_DUPLICATE_FREEZE,1308
395,304,131,97,continent,Africa,21,3,1,0,0,False,2026-09-14 19:01:18.038329,CROSS_ROUND_DUPLICATE_FREEZE,1309
396,308,133,98,continent,Africa,21,3,1,0,0,False,2026-09-14 19:01:18.100000,CROSS_ROUND_DUPLICATE_FREEZE,1310
397,312,135,99,continent,Africa,21,3,1,0,0,False,2026-09-14 19:01:18.157931,CROSS_ROUND_DUPLICATE_FREEZE,1311
398,320,139,37,continent,Africa,21,3,1,0,0,False,2026-09-14 19:01:18.213847,CROSS_ROUND_DUPLICATE_FREEZE,1313
399,324,141,36,continent,Africa,21,3,1,0,0,False,2026-09-14 19:01:18.271180,CROSS_ROUND_DUPLICATE_FREEZE,1314
400,328,143,27,continent,Africa,21,3,1,0,0,False,2026-09-14 19:01:18.331563,CROSS_ROUND_DUPLICATE_FREEZE,1315
401,332,145,26,continent,Africa,21,3,1,0,0,False,2026-09-14 19:01:18.391459,CROSS_ROUND_DUPLICATE_FREEZE,1316
402,573,147,41,continent,Africa,21,3,1,0,0,False,2026-09-14 19:01:18.450999,CROSS_ROUND_DUPLICATE_FREEZE,1317
403,336,147,41,continent,Africa,21,3,2,0,0,False,2026-09-14 19:01:18.450999,CROSS_ROUND_DUPLICATE_FREEZE,1318
404,340,149,39,continent,Africa,21,3,1,0,0,False,2026-09-14 19:01:18.526616,CROSS_ROUND_DUPLICATE_FREEZE,1319
405,344,151,38,continent,Africa,21,3,1,0,0,False,2026-09-14 19:01:18.588136,CROSS_ROUND_DUPLICATE_FREEZE,1320
406,348,153,21,continent,Africa,21,3,1,0,0,False,2026-09-14 19:01:18.641043,CROSS_ROUND_DUPLICATE_FREEZE,1321
407,352,155,32,continent,Africa,21,3,1,0,0,False,2026-09-14 19:01:18.693978,CROSS_ROUND_DUPLICATE_FREEZE,1322
408,356,157,101,continent,Africa,21,3,1,0,0,False,2026-09-14 19:01:18.745354,CROSS_ROUND_DUPLICATE_FREEZE,1323
409,360,159,33,continent,Africa,21,3,1,0,0,False,2026-09-14 19:01:18.801085,CROSS_ROUND_DUPLICATE_FREEZE,1324
410,364,161,102,continent,Africa,21,3,1,0,0,False,2026-09-14 19:01:18.863899,CROSS_ROUND_DUPLICATE_FREEZE,1325
411,368,163,35,continent,Africa,21,3,1,0,0,False,2026-09-14 19:01:18.933484,CROSS_ROUND_DUPLICATE_FREEZE,1326
412,372,165,103,continent,Africa,21,3,1,0,0,False,2026-09-14 19:01:19.006632,CROSS_ROUND_DUPLICATE_FREEZE,1327
413,376,167,31,continent,Africa,21,3,1,0,0,False,2026-09-14 19:01:19.085760,CROSS_ROUND_DUPLICATE_FREEZE,1328
414,380,169,105,continent,Africa,21,3,1,0,0,False,2026-09-14 19:01:19.158194,CROSS_ROUND_DUPLICATE_FREEZE,1329
415,382,170,30,continent,Africa,21,3,1,0,0,False,2026-09-14 19:01:19.226605,CROSS_ROUND_DUPLICATE_FREEZE,1330
416,384,171,104,continent,Africa,21,3,1,0,0,False,2026-09-14 19:01:19.290557,CROSS_ROUND_DUPLICATE_FREEZE,1331
417,388,173,106,continent,Africa,21,3,1,0,0,False,2026-09-14 19:01:19.352712,CROSS_ROUND_DUPLICATE_FREEZE,1332
419,612,175,107,continent,Africa,21,3,2,0,0,False,2026-09-14 19:01:19.421558,CROSS_ROUND_DUPLICATE_FREEZE,1333
420,392,175,107,continent,Africa,21,3,3,0,0,False,2026-09-14 19:01:19.421558,CROSS_ROUND_DUPLICATE_FREEZE,1334
422,565,190,114,continent,Africa,21,3,2,0,0,False,2026-09-14 19:01:19.486514,CROSS_ROUND_DUPLICATE_FREEZE,1345
424,564,192,115,continent,Africa,21,3,2,0,0,False,2026-09-14 19:01:19.548220,CROSS_ROUND_DUPLICATE_FREEZE,1346
426,791,196,117,continent,Africa,21,4,2,0,0,False,2026-09-14 19:01:19.607862,CROSS_ROUND_DUPLICATE_FREEZE,1712
429,989,213,118,continent,Africa,21,4,3,0,0,False,2026-09-14 19:01:19.670261,CROSS_ROUND_DUPLICATE_FREEZE,1713
430,985,213,118,continent,Africa,21,4,4,0,0,False,2026-09-14 19:01:19.670261,CROSS_ROUND_DUPLICATE_FREEZE,1714
431,978,213,118,continent,Africa,21,4,5,0,0,False,2026-09-14 19:01:19.670261,CROSS_ROUND_DUPLICATE_FREEZE,1715
434,914,215,119,continent,Africa,21,4,3,0,0,False,2026-09-14 19:01:19.755382,CROSS_ROUND_DUPLICATE_FREEZE,1718
435,834,215,119,continent,Africa,21,4,4,0,0,False,2026-09-14 19:01:19.755382,CROSS_ROUND_DUPLICATE_FREEZE,1719
436,829,215,119,continent,Africa,21,4,5,0,0,False,2026-09-14 19:01:19.755382,CROSS_ROUND_DUPLICATE_FREEZE,1720
437,988,219,50,continent,Africa,21,4,1,0,0,False,2026-09-14 19:01:19.828227,CROSS_ROUND_DUPLICATE_FREEZE,1725
438,953,219,50,continent,Africa,21,4,2,0,0,False,2026-09-14 19:01:19.828227,CROSS_ROUND_DUPLICATE_FREEZE,1940
439,934,219,50,continent,Africa,21,4,3,0,0,False,2026-09-14 19:01:19.828227,CROSS_ROUND_DUPLICATE_FREEZE,1939
440,931,219,50,continent,Africa,21,4,4,0,0,False,2026-09-14 19:01:19.828227,CROSS_ROUND_DUPLICATE_FREEZE,1938
441,929,219,50,continent,Africa,21,4,5,0,0,False,2026-09-14 19:01:19.828227,CROSS_ROUND_DUPLICATE_FREEZE,1937
442,941,223,53,continent,Africa,21,4,1,0,0,False,2026-09-14 19:01:19.891590,CROSS_ROUND_DUPLICATE_FREEZE,1726
443,936,223,53,continent,Africa,21,4,2,0,0,False,2026-09-14 19:01:19.891590,CROSS_ROUND_DUPLICATE_FREEZE,1727
450,1109,23,18,continent,Africa,4,21,4,0,0,False,2026-09-14 19:01:20.016233,CROSS_ROUND_DUPLICATE_FREEZE,248
451,1061,23,18,continent,Africa,4,21,5,0,0,False,2026-09-14 19:01:20.016233,CROSS_ROUND_DUPLICATE_FREEZE,1852
452,96,27,6,continent,Africa,4,3,1,0,0,False,2026-09-14 19:01:22.480652,CROSS_ROUND_DUPLICATE_FREEZE,1221
453,110,34,1,continent,Africa,4,3,1,0,0,False,2026-09-14 19:01:22.566575,CROSS_ROUND_DUPLICATE_FREEZE,1229
454,552,49,46,continent,Africa,4,3,1,0,0,False,2026-09-14 19:01:22.632948,CROSS_ROUND_DUPLICATE_FREEZE,1252
455,514,49,46,continent,Africa,4,3,2,0,0,False,2026-09-14 19:01:22.632948,CROSS_ROUND_DUPLICATE_FREEZE,1253
456,140,49,46,continent,Africa,4,3,3,0,0,False,2026-09-14 19:01:22.632948,CROSS_ROUND_DUPLICATE_FREEZE,1254
457,144,51,47,continent,Africa,4,3,1,0,0,False,2026-09-14 19:01:22.708920,CROSS_ROUND_DUPLICATE_FREEZE,1255
458,148,53,66,continent,Africa,4,3,1,0,0,False,2026-09-14 19:01:22.772920,CROSS_ROUND_DUPLICATE_FREEZE,1256
459,152,55,67,continent,Africa,4,3,1,0,0,False,2026-09-14 19:01:22.832361,CROSS_ROUND_DUPLICATE_FREEZE,1257
460,156,57,68,continent,Africa,4,3,1,0,0,False,2026-09-14 19:01:22.891318,CROSS_ROUND_DUPLICATE_FREEZE,1258
461,572,59,69,continent,Africa,4,3,1,0,0,False,2026-09-14 19:01:22.965426,CROSS_ROUND_DUPLICATE_FREEZE,1259
462,557,59,69,continent,Africa,4,3,2,0,0,False,2026-09-14 19:01:22.965426,CROSS_ROUND_DUPLICATE_FREEZE,1260
463,160,59,69,continent,Africa,4,3,3,0,0,False,2026-09-14 19:01:22.965426,CROSS_ROUND_DUPLICATE_FREEZE,1261
464,164,61,70,continent,Africa,4,3,1,0,0,False,2026-09-14 19:01:23.048442,CROSS_ROUND_DUPLICATE_FREEZE,1262
465,559,62,70,continent,Africa,4,3,1,0,0,False,2026-09-14 19:01:23.121147,CROSS_ROUND_DUPLICATE_FREEZE,1263
466,166,62,70,continent,Africa,4,3,2,0,0,False,2026-09-14 19:01:23.121147,CROSS_ROUND_DUPLICATE_FREEZE,1264
467,174,66,61,continent,Africa,4,3,1,0,0,False,2026-09-14 19:01:23.189114,CROSS_ROUND_DUPLICATE_FREEZE,1267
468,178,68,51,continent,Africa,4,3,1,0,0,False,2026-09-14 19:01:23.252079,CROSS_ROUND_DUPLICATE_FREEZE,1268
469,182,70,56,continent,Africa,4,3,1,0,0,False,2026-09-14 19:01:23.311986,CROSS_ROUND_DUPLICATE_FREEZE,1269
470,633,74,23,continent,Africa,4,3,1,0,0,False,2026-09-14 19:01:23.375489,CROSS_ROUND_DUPLICATE_FREEZE,1271
471,589,74,23,continent,Africa,4,3,2,0,0,False,2026-09-14 19:01:23.375489,CROSS_ROUND_DUPLICATE_FREEZE,1272
472,585,74,23,continent,Africa,4,3,3,0,0,False,2026-09-14 19:01:23.375489,CROSS_ROUND_DUPLICATE_FREEZE,1273
473,190,74,23,continent,Africa,4,3,4,0,0,False,2026-09-14 19:01:23.375489,CROSS_ROUND_DUPLICATE_FREEZE,1274
474,194,76,2,continent,Africa,4,3,1,0,0,False,2026-09-14 19:01:23.446687,CROSS_ROUND_DUPLICATE_FREEZE,1275
475,1002,78,22,continent,Africa,4,21,1,0,0,False,2026-09-14 19:01:23.509845,CROSS_ROUND_DUPLICATE_FREEZE,1890
478,632,78,22,continent,Africa,4,3,4,0,0,False,2026-09-14 19:01:23.509845,CROSS_ROUND_DUPLICATE_FREEZE,1276
479,628,78,22,continent,Africa,4,3,5,0,0,False,2026-09-14 19:01:23.509845,CROSS_ROUND_DUPLICATE_FREEZE,1277
480,206,82,72,continent,Africa,4,3,1,0,0,False,2026-09-14 19:01:23.594170,CROSS_ROUND_DUPLICATE_FREEZE,1283
482,214,86,74,continent,Africa,4,3,2,0,0,False,2026-09-14 19:01:23.654731,CROSS_ROUND_DUPLICATE_FREEZE,1286
483,230,94,78,continent,Africa,4,3,1,0,0,False,2026-09-14 19:01:23.723581,CROSS_ROUND_DUPLICATE_FREEZE,1290
484,238,98,80,continent,Africa,4,3,1,0,0,False,2026-09-14 19:01:23.791882,CROSS_ROUND_DUPLICATE_FREEZE,1291
485,246,102,82,continent,Africa,4,3,1,0,0,False,2026-09-14 19:01:23.857533,CROSS_ROUND_DUPLICATE_FREEZE,1293
486,250,104,83,continent,Africa,4,3,1,0,0,False,2026-09-14 19:01:23.928561,CROSS_ROUND_DUPLICATE_FREEZE,1295
487,254,106,84,continent,Africa,4,3,1,0,0,False,2026-09-14 19:01:23.983552,CROSS_ROUND_DUPLICATE_FREEZE,1296
488,258,108,85,continent,Africa,4,3,1,0,0,False,2026-09-14 19:01:24.041974,CROSS_ROUND_DUPLICATE_FREEZE,1297
489,262,110,86,continent,Africa,4,3,1,0,0,False,2026-09-14 19:01:24.102281,CROSS_ROUND_DUPLICATE_FREEZE,1298
490,266,112,87,continent,Africa,4,3,1,0,0,False,2026-09-14 19:01:24.160681,CROSS_ROUND_DUPLICATE_FREEZE,1299
491,270,114,88,continent,Africa,4,3,1,0,0,False,2026-09-14 19:01:24.222137,CROSS_ROUND_DUPLICATE_FREEZE,1300
492,272,115,89,continent,Africa,4,3,1,0,0,False,2026-09-14 19:01:24.289594,CROSS_ROUND_DUPLICATE_FREEZE,1301
493,276,117,90,continent,Africa,4,3,1,0,0,False,2026-09-14 19:01:24.429589,CROSS_ROUND_DUPLICATE_FREEZE,1302
494,280,119,91,continent,Africa,4,3,1,0,0,False,2026-09-14 19:01:24.587379,CROSS_ROUND_DUPLICATE_FREEZE,1303
497,284,121,92,continent,Africa,4,3,3,0,0,False,2026-09-14 19:01:24.691921,CROSS_ROUND_DUPLICATE_FREEZE,1304
498,288,123,93,continent,Africa,4,3,1,0,0,False,2026-09-14 19:01:24.762425,CROSS_ROUND_DUPLICATE_FREEZE,1305
499,292,125,94,continent,Africa,4,3,1,0,0,False,2026-09-14 19:01:24.827405,CROSS_ROUND_DUPLICATE_FREEZE,1306
500,296,127,95,continent,Africa,4,3,1,0,0,False,2026-09-14 19:01:24.895113,CROSS_ROUND_DUPLICATE_FREEZE,1307
501,300,129,96,continent,Africa,4,3,1,0,0,False,2026-09-14 19:01:24.954840,CROSS_ROUND_DUPLICATE_FREEZE,1308
502,304,131,97,continent,Africa,4,3,1,0,0,False,2026-09-14 19:01:25.022876,CROSS_ROUND_DUPLICATE_FREEZE,1309
503,308,133,98,continent,Africa,4,3,1,0,0,False,2026-09-14 19:01:25.085767,CROSS_ROUND_DUPLICATE_FREEZE,1310
504,312,135,99,continent,Africa,4,3,1,0,0,False,2026-09-14 19:01:25.137643,CROSS_ROUND_DUPLICATE_FREEZE,1311
505,320,139,37,continent,Africa,4,3,1,0,0,False,2026-09-14 19:01:25.191315,CROSS_ROUND_DUPLICATE_FREEZE,1313
506,324,141,36,continent,Africa,4,3,1,0,0,False,2026-09-14 19:01:25.251665,CROSS_ROUND_DUPLICATE_FREEZE,1314
507,328,143,27,continent,Africa,4,3,1,0,0,False,2026-09-14 19:01:25.313088,CROSS_ROUND_DUPLICATE_FREEZE,1315
508,332,145,26,continent,Africa,4,3,1,0,0,False,2026-09-14 19:01:25.375689,CROSS_ROUND_DUPLICATE_FREEZE,1316
509,573,147,41,continent,Africa,4,3,1,0,0,False,2026-09-14 19:01:25.432277,CROSS_ROUND_DUPLICATE_FREEZE,1317
510,336,147,41,continent,Africa,4,3,2,0,0,False,2026-09-14 19:01:25.432277,CROSS_ROUND_DUPLICATE_FREEZE,1318
511,340,149,39,continent,Africa,4,3,1,0,0,False,2026-09-14 19:01:25.491335,CROSS_ROUND_DUPLICATE_FREEZE,1319
512,344,151,38,continent,Africa,4,3,1,0,0,False,2026-09-14 19:01:25.546732,CROSS_ROUND_DUPLICATE_FREEZE,1320
513,348,153,21,continent,Africa,4,3,1,0,0,False,2026-09-14 19:01:25.608812,CROSS_ROUND_DUPLICATE_FREEZE,1321
514,352,155,32,continent,Africa,4,3,1,0,0,False,2026-09-14 19:01:25.667099,CROSS_ROUND_DUPLICATE_FREEZE,1322
515,356,157,101,continent,Africa,4,3,1,0,0,False,2026-09-14 19:01:25.722289,CROSS_ROUND_DUPLICATE_FREEZE,1323
516,360,159,33,continent,Africa,4,3,1,0,0,False,2026-09-14 19:01:25.778584,CROSS_ROUND_DUPLICATE_FREEZE,1324
517,364,161,102,continent,Africa,4,3,1,0,0,False,2026-09-14 19:01:25.839238,CROSS_ROUND_DUPLICATE_FREEZE,1325
518,368,163,35,continent,Africa,4,3,1,0,0,False,2026-09-14 19:01:25.902838,CROSS_ROUND_DUPLICATE_FREEZE,1326
519,372,165,103,continent,Africa,4,3,1,0,0,False,2026-09-14 19:01:25.968871,CROSS_ROUND_DUPLICATE_FREEZE,1327
520,376,167,31,continent,Africa,4,3,1,0,0,False,2026-09-14 19:01:26.043980,CROSS_ROUND_DUPLICATE_FREEZE,1328
521,380,169,105,continent,Africa,4,3,1,0,0,False,2026-09-14 19:01:26.109892,CROSS_ROUND_DUPLICATE_FREEZE,1329
522,382,170,30,continent,Africa,4,3,1,0,0,False,2026-09-14 19:01:26.169996,CROSS_ROUND_DUPLICATE_FREEZE,1330
523,384,171,104,continent,Africa,4,3,1,0,0,False,2026-09-14 19:01:26.232708,CROSS_ROUND_DUPLICATE_FREEZE,1331
524,388,173,106,continent,Africa,4,3,1,0,0,False,2026-09-14 19:01:26.308875,CROSS_ROUND_DUPLICATE_FREEZE,1332
526,612,175,107,continent,Africa,4,3,2,0,0,False,2026-09-14 19:01:26.380994,CROSS_ROUND_DUPLICATE_FREEZE,1333
527,392,175,107,continent,Africa,4,3,3,0,0,False,2026-09-14 19:01:26.380994,CROSS_ROUND_DUPLICATE_FREEZE,1334
531,1083,179,109,continent,Africa,4,21,4,0,0,False,2026-09-14 19:01:26.450105,CROSS_ROUND_DUPLICATE_FREEZE,289
532,1081,179,109,continent,Africa,4,21,5,0,0,False,2026-09-14 19:01:26.450105,CROSS_ROUND_DUPLICATE_FREEZE,290
533,1106,181,110,continent,Africa,4,21,1,0,0,False,2026-09-14 19:01:26.534858,CROSS_ROUND_DUPLICATE_FREEZE,1911
534,1096,181,110,continent,Africa,4,21,2,0,0,False,2026-09-14 19:01:26.534858,CROSS_ROUND_DUPLICATE_FREEZE,1912
535,1069,181,110,continent,Africa,4,21,3,0,0,False,2026-09-14 19:01:26.534858,CROSS_ROUND_DUPLICATE_FREEZE,292
536,1055,181,110,continent,Africa,4,21,4,0,0,False,2026-09-14 19:01:26.534858,CROSS_ROUND_DUPLICATE_FREEZE,1910
537,1047,181,110,continent,Africa,4,21,5,0,0,False,2026-09-14 19:01:26.534858,CROSS_ROUND_DUPLICATE_FREEZE,1909
538,1107,183,111,continent,Africa,4,21,1,0,0,False,2026-09-14 19:01:26.624318,CROSS_ROUND_DUPLICATE_FREEZE,1915
539,1097,183,111,continent,Africa,4,21,2,0,0,False,2026-09-14 19:01:26.624318,CROSS_ROUND_DUPLICATE_FREEZE,1916
540,1070,183,111,continent,Africa,4,21,3,0,0,False,2026-09-14 19:01:26.624318,CROSS_ROUND_DUPLICATE_FREEZE,293
541,1056,183,111,continent,Africa,4,21,4,0,0,False,2026-09-14 19:01:26.624318,CROSS_ROUND_DUPLICATE_FREEZE,1914
542,1046,183,111,continent,Africa,4,21,5,0,0,False,2026-09-14 19:01:26.624318,CROSS_ROUND_DUPLICATE_FREEZE,1913
544,565,190,114,continent,Africa,4,3,2,0,0,False,2026-09-14 19:01:26.703045,CROSS_ROUND_DUPLICATE_FREEZE,1345
546,564,192,115,continent,Africa,4,3,2,0,0,False,2026-09-14 19:01:26.779474,CROSS_ROUND_DUPLICATE_FREEZE,1346
556,989,213,118,continent,Africa,3,4,3,0,0,False,2026-09-14 19:01:32.208802,CROSS_ROUND_DUPLICATE_FREEZE,1713
557,985,213,118,continent,Africa,3,4,4,0,0,False,2026-09-14 19:01:32.208802,CROSS_ROUND_DUPLICATE_FREEZE,1714
558,978,213,118,continent,Africa,3,4,5,0,0,False,2026-09-14 19:01:32.208802,CROSS_ROUND_DUPLICATE_FREEZE,1715
561,914,215,119,continent,Africa,3,4,3,0,0,False,2026-09-14 19:01:33.246063,CROSS_ROUND_DUPLICATE_FREEZE,1718
562,834,215,119,continent,Africa,3,4,4,0,0,False,2026-09-14 19:01:33.246063,CROSS_ROUND_DUPLICATE_FREEZE,1719
563,829,215,119,continent,Africa,3,4,5,0,0,False,2026-09-14 19:01:33.246063,CROSS_ROUND_DUPLICATE_FREEZE,1720
565,1059,217,120,continent,Africa,3,21,2,0,0,False,2026-09-14 19:01:33.321148,CROSS_ROUND_DUPLICATE_FREEZE,1935
566,773,217,120,continent,Africa,3,4,3,0,0,False,2026-09-14 19:01:33.321148,CROSS_ROUND_DUPLICATE_FREEZE,1724
567,988,219,50,continent,Africa,3,4,1,0,0,False,2026-09-14 19:01:33.389424,CROSS_ROUND_DUPLICATE_FREEZE,1725
568,953,219,50,continent,Africa,3,4,2,0,0,False,2026-09-14 19:01:33.389424,CROSS_ROUND_DUPLICATE_FREEZE,1940
569,934,219,50,continent,Africa,3,4,3,0,0,False,2026-09-14 19:01:33.389424,CROSS_ROUND_DUPLICATE_FREEZE,1939
570,931,219,50,continent,Africa,3,4,4,0,0,False,2026-09-14 19:01:33.389424,CROSS_ROUND_DUPLICATE_FREEZE,1938
571,929,219,50,continent,Africa,3,4,5,0,0,False,2026-09-14 19:01:33.389424,CROSS_ROUND_DUPLICATE_FREEZE,1937
572,941,223,53,continent,Africa,3,4,1,0,0,False,2026-09-14 19:01:33.459850,CROSS_ROUND_DUPLICATE_FREEZE,1726
573,936,223,53,continent,Africa,3,4,2,0,0,False,2026-09-14 19:01:33.459850,CROSS_ROUND_DUPLICATE_FREEZE,1727
579,1043,11,10,continent,Africa,1,21,1,0,0,False,2026-09-14 20:44:54.982248,CROSS_ROUND_DUPLICATE_FREEZE,221
580,995,11,10,continent,Africa,1,4,2,0,0,False,2026-09-14 20:44:54.982248,CROSS_ROUND_DUPLICATE_FREEZE,1625
581,992,11,10,continent,Africa,1,4,3,0,0,False,2026-09-14 20:44:54.982248,CROSS_ROUND_DUPLICATE_FREEZE,1626
582,984,11,10,continent,Africa,1,4,4,0,0,False,2026-09-14 20:44:54.982248,CROSS_ROUND_DUPLICATE_FREEZE,1628
584,974,13,19,continent,Africa,1,4,1,0,0,False,2026-09-14 20:44:54.982248,CROSS_ROUND_DUPLICATE_FREEZE,1629
585,776,13,19,continent,Africa,1,4,2,0,0,False,2026-09-14 20:44:54.982248,CROSS_ROUND_DUPLICATE_FREEZE,1822
586,664,13,19,continent,Africa,1,4,3,0,0,False,2026-09-14 20:44:54.982248,CROSS_ROUND_DUPLICATE_FREEZE,1630
587,648,13,19,continent,Africa,1,4,4,0,0,False,2026-09-14 20:44:54.982248,CROSS_ROUND_DUPLICATE_FREEZE,1821
589,839,15,20,continent,Africa,1,4,2,0,0,False,2026-09-14 20:44:54.982248,CROSS_ROUND_DUPLICATE_FREEZE,1631
590,784,15,20,continent,Africa,1,4,3,0,0,False,2026-09-14 20:44:54.982248,CROSS_ROUND_DUPLICATE_FREEZE,1826
592,662,15,20,continent,Africa,1,4,5,0,0,False,2026-09-14 20:44:54.982248,CROSS_ROUND_DUPLICATE_FREEZE,1828
594,640,17,45,continent,Africa,1,4,2,0,0,False,2026-09-14 20:44:54.982248,CROSS_ROUND_DUPLICATE_FREEZE,1633
595,463,17,45,continent,Africa,1,3,3,0,0,False,2026-09-14 20:44:54.982248,CROSS_ROUND_DUPLICATE_FREEZE,1204
596,944,19,9,continent,Africa,1,4,1,0,0,False,2026-09-14 20:44:54.982248,CROSS_ROUND_DUPLICATE_FREEZE,1635
597,837,19,9,continent,Africa,1,4,2,0,0,False,2026-09-14 20:44:54.982248,CROSS_ROUND_DUPLICATE_FREEZE,1636
598,803,19,9,continent,Africa,1,4,3,0,0,False,2026-09-14 20:44:54.982248,CROSS_ROUND_DUPLICATE_FREEZE,1637
600,511,19,9,continent,Africa,1,3,5,0,0,False,2026-09-14 20:44:54.982248,CROSS_ROUND_DUPLICATE_FREEZE,1206
602,915,21,44,continent,Africa,1,4,2,0,0,False,2026-09-14 20:44:54.982248,CROSS_ROUND_DUPLICATE_FREEZE,1641
603,841,21,44,continent,Africa,1,4,3,0,0,False,2026-09-14 20:44:54.982248,CROSS_ROUND_DUPLICATE_FREEZE,1642
604,840,21,44,continent,Africa,1,4,4,0,0,False,2026-09-14 20:44:54.982248,CROSS_ROUND_DUPLICATE_FREEZE,1643
605,775,21,44,continent,Africa,1,4,5,0,0,False,2026-09-14 20:44:54.982248,CROSS_ROUND_DUPLICATE_FREEZE,1644
614,883,25,3,continent,Africa,1,4,4,0,0,False,2026-09-14 20:44:54.982248,CROSS_ROUND_DUPLICATE_FREEZE,1645
615,875,25,3,continent,Africa,1,4,5,0,0,False,2026-09-14 20:44:54.982248,CROSS_ROUND_DUPLICATE_FREEZE,1646
616,996,29,8,continent,Africa,1,4,1,0,0,False,2026-09-14 20:44:54.982248,CROSS_ROUND_DUPLICATE_FREEZE,1648
617,975,29,8,continent,Africa,1,4,2,0,0,False,2026-09-14 20:44:54.982248,CROSS_ROUND_DUPLICATE_FREEZE,1649
618,675,29,8,continent,Africa,1,4,3,0,0,False,2026-09-14 20:44:54.982248,CROSS_ROUND_DUPLICATE_FREEZE,1864
619,656,29,8,continent,Africa,1,4,4,0,0,False,2026-09-14 20:44:54.982248,CROSS_ROUND_DUPLICATE_FREEZE,1863
620,577,29,8,continent,Africa,1,3,5,0,0,False,2026-09-14 20:44:54.982248,CROSS_ROUND_DUPLICATE_FREEZE,1224
624,945,31,25,continent,Africa,1,4,4,0,0,False,2026-09-14 20:44:54.982248,CROSS_ROUND_DUPLICATE_FREEZE,1651
625,917,31,25,continent,Africa,1,4,5,0,0,False,2026-09-14 20:44:54.982248,CROSS_ROUND_DUPLICATE_FREEZE,1652
626,1000,32,5,continent,Africa,1,4,1,0,0,False,2026-09-14 20:44:54.982248,CROSS_ROUND_DUPLICATE_FREEZE,1653
627,787,32,5,continent,Africa,1,4,2,0,0,False,2026-09-14 20:44:54.982248,CROSS_ROUND_DUPLICATE_FREEZE,1873
628,654,32,5,continent,Africa,1,4,3,0,0,False,2026-09-14 20:44:54.982248,CROSS_ROUND_DUPLICATE_FREEZE,1874
629,574,32,5,continent,Africa,1,3,4,0,0,False,2026-09-14 20:44:54.982248,CROSS_ROUND_DUPLICATE_FREEZE,1227
632,1001,37,62,continent,Africa,1,4,3,0,0,False,2026-09-14 20:44:54.982248,CROSS_ROUND_DUPLICATE_FREEZE,1654
638,894,39,63,continent,Africa,1,4,4,0,0,False,2026-09-14 20:44:54.982248,CROSS_ROUND_DUPLICATE_FREEZE,1883
639,887,39,63,continent,Africa,1,4,5,0,0,False,2026-09-14 20:44:54.982248,CROSS_ROUND_DUPLICATE_FREEZE,1882
640,946,41,16,continent,Africa,1,4,1,0,0,False,2026-09-14 20:44:54.982248,CROSS_ROUND_DUPLICATE_FREEZE,1660
641,918,41,16,continent,Africa,1,4,2,0,0,False,2026-09-14 20:44:54.982248,CROSS_ROUND_DUPLICATE_FREEZE,1661
642,876,41,16,continent,Africa,1,4,3,0,0,False,2026-09-14 20:44:54.982248,CROSS_ROUND_DUPLICATE_FREEZE,1663
643,870,41,16,continent,Africa,1,4,4,0,0,False,2026-09-14 20:44:54.982248,CROSS_ROUND_DUPLICATE_FREEZE,1664
645,947,42,64,continent,Africa,1,4,1,0,0,False,2026-09-14 20:44:54.982248,CROSS_ROUND_DUPLICATE_FREEZE,1665
646,879,42,64,continent,Africa,1,4,2,0,0,False,2026-09-14 20:44:54.982248,CROSS_ROUND_DUPLICATE_FREEZE,1669
648,471,42,64,continent,Africa,1,3,4,0,0,False,2026-09-14 20:44:54.982248,CROSS_ROUND_DUPLICATE_FREEZE,1244
649,459,42,64,continent,Africa,1,3,5,0,0,False,2026-09-14 20:44:54.982248,CROSS_ROUND_DUPLICATE_FREEZE,1245
650,948,45,15,continent,Africa,1,4,1,0,0,False,2026-09-14 20:44:54.982248,CROSS_ROUND_DUPLICATE_FREEZE,1670
651,920,45,15,continent,Africa,1,4,2,0,0,False,2026-09-14 20:44:54.982248,CROSS_ROUND_DUPLICATE_FREEZE,1671
652,877,45,15,continent,Africa,1,4,3,0,0,False,2026-09-14 20:44:54.982248,CROSS_ROUND_DUPLICATE_FREEZE,1673
653,868,45,15,continent,Africa,1,4,4,0,0,False,2026-09-14 20:44:54.982248,CROSS_ROUND_DUPLICATE_FREEZE,1674
655,949,47,65,continent,Africa,1,4,1,0,0,False,2026-09-14 20:44:54.982248,CROSS_ROUND_DUPLICATE_FREEZE,1675
656,921,47,65,continent,Africa,1,4,2,0,0,False,2026-09-14 20:44:54.982248,CROSS_ROUND_DUPLICATE_FREEZE,1676
657,910,47,65,continent,Africa,1,4,3,0,0,False,2026-09-14 20:44:54.982248,CROSS_ROUND_DUPLICATE_FREEZE,1677
658,905,47,65,continent,Africa,1,4,4,0,0,False,2026-09-14 20:44:54.982248,CROSS_ROUND_DUPLICATE_FREEZE,1678
659,878,47,65,continent,Africa,1,4,5,0,0,False,2026-09-14 20:44:54.982248,CROSS_ROUND_DUPLICATE_FREEZE,1679
660,552,49,46,continent,Africa,1,3,1,0,0,False,2026-09-14 20:44:54.982248,CROSS_ROUND_DUPLICATE_FREEZE,1252
661,514,49,46,continent,Africa,1,3,2,0,0,False,2026-09-14 20:44:54.982248,CROSS_ROUND_DUPLICATE_FREEZE,1253
662,935,64,55,continent,Africa,1,4,1,0,0,False,2026-09-14 20:44:54.982248,CROSS_ROUND_DUPLICATE_FREEZE,1681
663,933,64,55,continent,Africa,1,4,2,0,0,False,2026-09-14 20:44:54.982248,CROSS_ROUND_DUPLICATE_FREEZE,1682
664,930,64,55,continent,Africa,1,4,3,0,0,False,2026-09-14 20:44:54.982248,CROSS_ROUND_DUPLICATE_FREEZE,1684
665,504,64,55,continent,Africa,1,3,4,0,0,False,2026-09-14 20:44:54.982248,CROSS_ROUND_DUPLICATE_FREEZE,1265
666,976,72,7,continent,Africa,1,4,1,0,0,False,2026-09-14 20:44:54.982248,CROSS_ROUND_DUPLICATE_FREEZE,1685
667,633,74,23,continent,Africa,1,3,1,0,0,False,2026-09-14 20:44:54.982248,CROSS_ROUND_DUPLICATE_FREEZE,1271
668,589,74,23,continent,Africa,1,3,2,0,0,False,2026-09-14 20:44:54.982248,CROSS_ROUND_DUPLICATE_FREEZE,1272
669,585,74,23,continent,Africa,1,3,3,0,0,False,2026-09-14 20:44:54.982248,CROSS_ROUND_DUPLICATE_FREEZE,1273
670,190,74,23,continent,Africa,1,3,4,0,0,False,2026-09-14 20:44:54.982248,CROSS_ROUND_DUPLICATE_FREEZE,1274
673,632,78,22,continent,Africa,1,3,3,0,0,False,2026-09-14 20:44:54.982248,CROSS_ROUND_DUPLICATE_FREEZE,1276
674,628,78,22,continent,Africa,1,3,4,0,0,False,2026-09-14 20:44:54.982248,CROSS_ROUND_DUPLICATE_FREEZE,1277
675,623,78,22,continent,Africa,1,3,5,0,0,False,2026-09-14 20:44:54.982248,CROSS_ROUND_DUPLICATE_FREEZE,1278
676,998,80,71,continent,Africa,1,4,1,0,0,False,2026-09-14 20:44:54.982248,CROSS_ROUND_DUPLICATE_FREEZE,1687
677,982,80,71,continent,Africa,1,4,2,0,0,False,2026-09-14 20:44:54.982248,CROSS_ROUND_DUPLICATE_FREEZE,1688
678,980,80,71,continent,Africa,1,4,3,0,0,False,2026-09-14 20:44:54.982248,CROSS_ROUND_DUPLICATE_FREEZE,1689
679,972,80,71,continent,Africa,1,4,4,0,0,False,2026-09-14 20:44:54.982248,CROSS_ROUND_DUPLICATE_FREEZE,1690
680,966,80,71,continent,Africa,1,4,5,0,0,False,2026-09-14 20:44:54.982248,CROSS_ROUND_DUPLICATE_FREEZE,1895
681,866,88,75,continent,Africa,1,4,1,0,0,False,2026-09-14 20:44:54.982248,CROSS_ROUND_DUPLICATE_FREEZE,1692
682,864,88,75,continent,Africa,1,4,2,0,0,False,2026-09-14 20:44:54.982248,CROSS_ROUND_DUPLICATE_FREEZE,1693
683,850,88,75,continent,Africa,1,4,3,0,0,False,2026-09-14 20:44:54.982248,CROSS_ROUND_DUPLICATE_FREEZE,1694
684,881,90,76,continent,Africa,1,4,1,0,0,False,2026-09-14 20:44:54.982248,CROSS_ROUND_DUPLICATE_FREEZE,1695
685,873,90,76,continent,Africa,1,4,2,0,0,False,2026-09-14 20:44:54.982248,CROSS_ROUND_DUPLICATE_FREEZE,1696
686,284,121,92,continent,Africa,1,3,1,0,0,False,2026-09-14 20:44:54.982248,CROSS_ROUND_DUPLICATE_FREEZE,1304
687,1067,137,100,continent,Africa,1,21,1,0,0,False,2026-09-14 20:44:54.982248,CROSS_ROUND_DUPLICATE_FREEZE,279
688,1051,137,100,continent,Africa,1,21,2,0,0,False,2026-09-14 20:44:54.982248,CROSS_ROUND_DUPLICATE_FREEZE,280
689,1042,137,100,continent,Africa,1,21,3,0,0,False,2026-09-14 20:44:54.982248,CROSS_ROUND_DUPLICATE_FREEZE,281
690,911,177,108,continent,Africa,1,4,1,0,0,False,2026-09-14 20:44:54.982248,CROSS_ROUND_DUPLICATE_FREEZE,1902
691,882,177,108,continent,Africa,1,4,2,0,0,False,2026-09-14 20:44:54.982248,CROSS_ROUND_DUPLICATE_FREEZE,1707
692,872,177,108,continent,Africa,1,4,3,0,0,False,2026-09-14 20:44:54.982248,CROSS_ROUND_DUPLICATE_FREEZE,1706
693,838,177,108,continent,Africa,1,4,4,0,0,False,2026-09-14 20:44:54.982248,CROSS_ROUND_DUPLICATE_FREEZE,1899
696,1095,179,109,continent,Africa,1,21,2,0,0,False,2026-09-14 20:44:54.982248,CROSS_ROUND_DUPLICATE_FREEZE,288
697,1083,179,109,continent,Africa,1,21,3,0,0,False,2026-09-14 20:44:54.982248,CROSS_ROUND_DUPLICATE_FREEZE,289
698,1081,179,109,continent,Africa,1,21,4,0,0,False,2026-09-14 20:44:54.982248,CROSS_ROUND_DUPLICATE_FREEZE,290
699,1079,179,109,continent,Africa,1,21,5,0,0,False,2026-09-14 20:44:54.982248,CROSS_ROUND_DUPLICATE_FREEZE,291
700,1106,181,110,continent,Africa,1,21,1,0,0,False,2026-09-14 20:44:54.982248,CROSS_ROUND_DUPLICATE_FREEZE,1911
701,1096,181,110,continent,Africa,1,21,2,0,0,False,2026-09-14 20:44:54.982248,CROSS_ROUND_DUPLICATE_FREEZE,1912
702,1069,181,110,continent,Africa,1,21,3,0,0,False,2026-09-14 20:44:54.982248,CROSS_ROUND_DUPLICATE_FREEZE,292
703,1055,181,110,continent,Africa,1,21,4,0,0,False,2026-09-14 20:44:54.982248,CROSS_ROUND_DUPLICATE_FREEZE,1910
704,1047,181,110,continent,Africa,1,21,5,0,0,False,2026-09-14 20:44:54.982248,CROSS_ROUND_DUPLICATE_FREEZE,1909
705,1107,183,111,continent,Africa,1,21,1,0,0,False,2026-09-14 20:44:54.982248,CROSS_ROUND_DUPLICATE_FREEZE,1915
706,1097,183,111,continent,Africa,1,21,2,0,0,False,2026-09-14 20:44:54.982248,CROSS_ROUND_DUPLICATE_FREEZE,1916
707,1070,183,111,continent,Africa,1,21,3,0,0,False,2026-09-14 20:44:54.982248,CROSS_ROUND_DUPLICATE_FREEZE,293
708,1056,183,111,continent,Africa,1,21,4,0,0,False,2026-09-14 20:44:54.982248,CROSS_ROUND_DUPLICATE_FREEZE,1914
709,1046,183,111,continent,Africa,1,21,5,0,0,False,2026-09-14 20:44:54.982248,CROSS_ROUND_DUPLICATE_FREEZE,1913
710,1104,185,112,continent,Africa,1,21,1,0,0,False,2026-09-14 20:44:54.982248,CROSS_ROUND_DUPLICATE_FREEZE,294
711,1093,185,112,continent,Africa,1,21,2,0,0,False,2026-09-14 20:44:54.982248,CROSS_ROUND_DUPLICATE_FREEZE,1920
712,1076,185,112,continent,Africa,1,21,3,0,0,False,2026-09-14 20:44:54.982248,CROSS_ROUND_DUPLICATE_FREEZE,1918
713,999,185,112,continent,Africa,1,4,4,0,0,False,2026-09-14 20:44:54.982248,CROSS_ROUND_DUPLICATE_FREEZE,1708
714,965,185,112,continent,Africa,1,4,5,0,0,False,2026-09-14 20:44:54.982248,CROSS_ROUND_DUPLICATE_FREEZE,1917
719,1041,9,17,continent,Africa,2,21,5,0,0,False,2026-09-14 20:45:05.873732,CROSS_ROUND_DUPLICATE_FREEZE,1812
720,1043,11,10,continent,Africa,2,21,1,0,0,False,2026-09-14 20:45:05.873732,CROSS_ROUND_DUPLICATE_FREEZE,221
721,995,11,10,continent,Africa,2,4,2,0,0,False,2026-09-14 20:45:05.873732,CROSS_ROUND_DUPLICATE_FREEZE,1625
722,992,11,10,continent,Africa,2,4,3,0,0,False,2026-09-14 20:45:05.873732,CROSS_ROUND_DUPLICATE_FREEZE,1626
723,984,11,10,continent,Africa,2,4,4,0,0,False,2026-09-14 20:45:05.873732,CROSS_ROUND_DUPLICATE_FREEZE,1628
725,974,13,19,continent,Africa,2,4,1,0,0,False,2026-09-14 20:45:05.873732,CROSS_ROUND_DUPLICATE_FREEZE,1629
726,776,13,19,continent,Africa,2,4,2,0,0,False,2026-09-14 20:45:05.873732,CROSS_ROUND_DUPLICATE_FREEZE,1822
727,664,13,19,continent,Africa,2,4,3,0,0,False,2026-09-14 20:45:05.873732,CROSS_ROUND_DUPLICATE_FREEZE,1630
728,648,13,19,continent,Africa,2,4,4,0,0,False,2026-09-14 20:45:05.873732,CROSS_ROUND_DUPLICATE_FREEZE,1821
730,839,15,20,continent,Africa,2,4,2,0,0,False,2026-09-14 20:45:05.873732,CROSS_ROUND_DUPLICATE_FREEZE,1631
731,784,15,20,continent,Africa,2,4,3,0,0,False,2026-09-14 20:45:05.873732,CROSS_ROUND_DUPLICATE_FREEZE,1826
733,662,15,20,continent,Africa,2,4,5,0,0,False,2026-09-14 20:45:05.873732,CROSS_ROUND_DUPLICATE_FREEZE,1828
735,640,17,45,continent,Africa,2,4,2,0,0,False,2026-09-14 20:45:05.873732,CROSS_ROUND_DUPLICATE_FREEZE,1633
736,463,17,45,continent,Africa,2,3,3,0,0,False,2026-09-14 20:45:05.873732,CROSS_ROUND_DUPLICATE_FREEZE,1204
737,944,19,9,continent,Africa,2,4,1,0,0,False,2026-09-14 20:45:05.873732,CROSS_ROUND_DUPLICATE_FREEZE,1635
738,837,19,9,continent,Africa,2,4,2,0,0,False,2026-09-14 20:45:05.873732,CROSS_ROUND_DUPLICATE_FREEZE,1636
739,803,19,9,continent,Africa,2,4,3,0,0,False,2026-09-14 20:45:05.873732,CROSS_ROUND_DUPLICATE_FREEZE,1637
741,511,19,9,continent,Africa,2,3,5,0,0,False,2026-09-14 20:45:05.873732,CROSS_ROUND_DUPLICATE_FREEZE,1206
743,915,21,44,continent,Africa,2,4,2,0,0,False,2026-09-14 20:45:05.873732,CROSS_ROUND_DUPLICATE_FREEZE,1641
744,841,21,44,continent,Africa,2,4,3,0,0,False,2026-09-14 20:45:05.873732,CROSS_ROUND_DUPLICATE_FREEZE,1642
745,840,21,44,continent,Africa,2,4,4,0,0,False,2026-09-14 20:45:05.873732,CROSS_ROUND_DUPLICATE_FREEZE,1643
746,775,21,44,continent,Africa,2,4,5,0,0,False,2026-09-14 20:45:05.873732,CROSS_ROUND_DUPLICATE_FREEZE,1644
755,883,25,3,continent,Africa,2,4,4,0,0,False,2026-09-14 20:45:05.873732,CROSS_ROUND_DUPLICATE_FREEZE,1645
756,875,25,3,continent,Africa,2,4,5,0,0,False,2026-09-14 20:45:05.873732,CROSS_ROUND_DUPLICATE_FREEZE,1646
757,996,29,8,continent,Africa,2,4,1,0,0,False,2026-09-14 20:45:05.873732,CROSS_ROUND_DUPLICATE_FREEZE,1648
758,975,29,8,continent,Africa,2,4,2,0,0,False,2026-09-14 20:45:05.873732,CROSS_ROUND_DUPLICATE_FREEZE,1649
759,675,29,8,continent,Africa,2,4,3,0,0,False,2026-09-14 20:45:05.873732,CROSS_ROUND_DUPLICATE_FREEZE,1864
760,656,29,8,continent,Africa,2,4,4,0,0,False,2026-09-14 20:45:05.873732,CROSS_ROUND_DUPLICATE_FREEZE,1863
761,577,29,8,continent,Africa,2,3,5,0,0,False,2026-09-14 20:45:05.873732,CROSS_ROUND_DUPLICATE_FREEZE,1224
765,945,31,25,continent,Africa,2,4,4,0,0,False,2026-09-14 20:45:05.873732,CROSS_ROUND_DUPLICATE_FREEZE,1651
766,917,31,25,continent,Africa,2,4,5,0,0,False,2026-09-14 20:45:05.873732,CROSS_ROUND_DUPLICATE_FREEZE,1652
767,1000,32,5,continent,Africa,2,4,1,0,0,False,2026-09-14 20:45:05.873732,CROSS_ROUND_DUPLICATE_FREEZE,1653
768,787,32,5,continent,Africa,2,4,2,0,0,False,2026-09-14 20:45:05.873732,CROSS_ROUND_DUPLICATE_FREEZE,1873
769,654,32,5,continent,Africa,2,4,3,0,0,False,2026-09-14 20:45:05.873732,CROSS_ROUND_DUPLICATE_FREEZE,1874
770,574,32,5,continent,Africa,2,3,4,0,0,False,2026-09-14 20:45:05.873732,CROSS_ROUND_DUPLICATE_FREEZE,1227
773,1001,37,62,continent,Africa,2,4,3,0,0,False,2026-09-14 20:45:05.873732,CROSS_ROUND_DUPLICATE_FREEZE,1654
779,894,39,63,continent,Africa,2,4,4,0,0,False,2026-09-14 20:45:05.873732,CROSS_ROUND_DUPLICATE_FREEZE,1883
780,887,39,63,continent,Africa,2,4,5,0,0,False,2026-09-14 20:45:05.873732,CROSS_ROUND_DUPLICATE_FREEZE,1882
781,946,41,16,continent,Africa,2,4,1,0,0,False,2026-09-14 20:45:05.873732,CROSS_ROUND_DUPLICATE_FREEZE,1660
782,918,41,16,continent,Africa,2,4,2,0,0,False,2026-09-14 20:45:05.873732,CROSS_ROUND_DUPLICATE_FREEZE,1661
783,876,41,16,continent,Africa,2,4,3,0,0,False,2026-09-14 20:45:05.873732,CROSS_ROUND_DUPLICATE_FREEZE,1663
784,870,41,16,continent,Africa,2,4,4,0,0,False,2026-09-14 20:45:05.873732,CROSS_ROUND_DUPLICATE_FREEZE,1664
786,947,42,64,continent,Africa,2,4,1,0,0,False,2026-09-14 20:45:05.873732,CROSS_ROUND_DUPLICATE_FREEZE,1665
787,879,42,64,continent,Africa,2,4,2,0,0,False,2026-09-14 20:45:05.873732,CROSS_ROUND_DUPLICATE_FREEZE,1669
789,471,42,64,continent,Africa,2,3,4,0,0,False,2026-09-14 20:45:05.873732,CROSS_ROUND_DUPLICATE_FREEZE,1244
790,459,42,64,continent,Africa,2,3,5,0,0,False,2026-09-14 20:45:05.873732,CROSS_ROUND_DUPLICATE_FREEZE,1245
791,948,45,15,continent,Africa,2,4,1,0,0,False,2026-09-14 20:45:05.873732,CROSS_ROUND_DUPLICATE_FREEZE,1670
792,920,45,15,continent,Africa,2,4,2,0,0,False,2026-09-14 20:45:05.873732,CROSS_ROUND_DUPLICATE_FREEZE,1671
793,877,45,15,continent,Africa,2,4,3,0,0,False,2026-09-14 20:45:05.873732,CROSS_ROUND_DUPLICATE_FREEZE,1673
794,868,45,15,continent,Africa,2,4,4,0,0,False,2026-09-14 20:45:05.873732,CROSS_ROUND_DUPLICATE_FREEZE,1674
796,949,47,65,continent,Africa,2,4,1,0,0,False,2026-09-14 20:45:05.873732,CROSS_ROUND_DUPLICATE_FREEZE,1675
797,921,47,65,continent,Africa,2,4,2,0,0,False,2026-09-14 20:45:05.873732,CROSS_ROUND_DUPLICATE_FREEZE,1676
798,910,47,65,continent,Africa,2,4,3,0,0,False,2026-09-14 20:45:05.873732,CROSS_ROUND_DUPLICATE_FREEZE,1677
799,905,47,65,continent,Africa,2,4,4,0,0,False,2026-09-14 20:45:05.873732,CROSS_ROUND_DUPLICATE_FREEZE,1678
800,878,47,65,continent,Africa,2,4,5,0,0,False,2026-09-14 20:45:05.873732,CROSS_ROUND_DUPLICATE_FREEZE,1679
801,552,49,46,continent,Africa,2,3,1,0,0,False,2026-09-14 20:45:05.873732,CROSS_ROUND_DUPLICATE_FREEZE,1252
802,514,49,46,continent,Africa,2,3,2,0,0,False,2026-09-14 20:45:05.873732,CROSS_ROUND_DUPLICATE_FREEZE,1253
803,935,64,55,continent,Africa,2,4,1,0,0,False,2026-09-14 20:45:05.873732,CROSS_ROUND_DUPLICATE_FREEZE,1681
804,933,64,55,continent,Africa,2,4,2,0,0,False,2026-09-14 20:45:05.873732,CROSS_ROUND_DUPLICATE_FREEZE,1682
805,930,64,55,continent,Africa,2,4,3,0,0,False,2026-09-14 20:45:05.873732,CROSS_ROUND_DUPLICATE_FREEZE,1684
806,504,64,55,continent,Africa,2,3,4,0,0,False,2026-09-14 20:45:05.873732,CROSS_ROUND_DUPLICATE_FREEZE,1265
807,976,72,7,continent,Africa,2,4,1,0,0,False,2026-09-14 20:45:05.873732,CROSS_ROUND_DUPLICATE_FREEZE,1685
808,633,74,23,continent,Africa,2,3,1,0,0,False,2026-09-14 20:45:05.873732,CROSS_ROUND_DUPLICATE_FREEZE,1271
809,589,74,23,continent,Africa,2,3,2,0,0,False,2026-09-14 20:45:05.873732,CROSS_ROUND_DUPLICATE_FREEZE,1272
810,585,74,23,continent,Africa,2,3,3,0,0,False,2026-09-14 20:45:05.873732,CROSS_ROUND_DUPLICATE_FREEZE,1273
811,190,74,23,continent,Africa,2,3,4,0,0,False,2026-09-14 20:45:05.873732,CROSS_ROUND_DUPLICATE_FREEZE,1274
814,632,78,22,continent,Africa,2,3,3,0,0,False,2026-09-14 20:45:05.873732,CROSS_ROUND_DUPLICATE_FREEZE,1276
815,628,78,22,continent,Africa,2,3,4,0,0,False,2026-09-14 20:45:05.873732,CROSS_ROUND_DUPLICATE_FREEZE,1277
816,623,78,22,continent,Africa,2,3,5,0,0,False,2026-09-14 20:45:05.873732,CROSS_ROUND_DUPLICATE_FREEZE,1278
817,998,80,71,continent,Africa,2,4,1,0,0,False,2026-09-14 20:45:05.873732,CROSS_ROUND_DUPLICATE_FREEZE,1687
818,982,80,71,continent,Africa,2,4,2,0,0,False,2026-09-14 20:45:05.873732,CROSS_ROUND_DUPLICATE_FREEZE,1688
819,980,80,71,continent,Africa,2,4,3,0,0,False,2026-09-14 20:45:05.873732,CROSS_ROUND_DUPLICATE_FREEZE,1689
820,972,80,71,continent,Africa,2,4,4,0,0,False,2026-09-14 20:45:05.873732,CROSS_ROUND_DUPLICATE_FREEZE,1690
821,966,80,71,continent,Africa,2,4,5,0,0,False,2026-09-14 20:45:05.873732,CROSS_ROUND_DUPLICATE_FREEZE,1895
822,866,88,75,continent,Africa,2,4,1,0,0,False,2026-09-14 20:45:05.873732,CROSS_ROUND_DUPLICATE_FREEZE,1692
823,864,88,75,continent,Africa,2,4,2,0,0,False,2026-09-14 20:45:05.873732,CROSS_ROUND_DUPLICATE_FREEZE,1693
824,850,88,75,continent,Africa,2,4,3,0,0,False,2026-09-14 20:45:05.873732,CROSS_ROUND_DUPLICATE_FREEZE,1694
825,881,90,76,continent,Africa,2,4,1,0,0,False,2026-09-14 20:45:05.873732,CROSS_ROUND_DUPLICATE_FREEZE,1695
826,873,90,76,continent,Africa,2,4,2,0,0,False,2026-09-14 20:45:05.873732,CROSS_ROUND_DUPLICATE_FREEZE,1696
827,284,121,92,continent,Africa,2,3,1,0,0,False,2026-09-14 20:45:05.873732,CROSS_ROUND_DUPLICATE_FREEZE,1304
828,1067,137,100,continent,Africa,2,21,1,0,0,False,2026-09-14 20:45:05.873732,CROSS_ROUND_DUPLICATE_FREEZE,279
829,1051,137,100,continent,Africa,2,21,2,0,0,False,2026-09-14 20:45:05.873732,CROSS_ROUND_DUPLICATE_FREEZE,280
830,1042,137,100,continent,Africa,2,21,3,0,0,False,2026-09-14 20:45:05.873732,CROSS_ROUND_DUPLICATE_FREEZE,281
831,911,177,108,continent,Africa,2,4,1,0,0,False,2026-09-14 20:45:05.873732,CROSS_ROUND_DUPLICATE_FREEZE,1902
832,882,177,108,continent,Africa,2,4,2,0,0,False,2026-09-14 20:45:05.873732,CROSS_ROUND_DUPLICATE_FREEZE,1707
833,872,177,108,continent,Africa,2,4,3,0,0,False,2026-09-14 20:45:05.873732,CROSS_ROUND_DUPLICATE_FREEZE,1706
834,838,177,108,continent,Africa,2,4,4,0,0,False,2026-09-14 20:45:05.873732,CROSS_ROUND_DUPLICATE_FREEZE,1899
837,1095,179,109,continent,Africa,2,21,2,0,0,False,2026-09-14 20:45:05.873732,CROSS_ROUND_DUPLICATE_FREEZE,288
838,1083,179,109,continent,Africa,2,21,3,0,0,False,2026-09-14 20:45:05.873732,CROSS_ROUND_DUPLICATE_FREEZE,289
839,1081,179,109,continent,Africa,2,21,4,0,0,False,2026-09-14 20:45:05.873732,CROSS_ROUND_DUPLICATE_FREEZE,290
840,1079,179,109,continent,Africa,2,21,5,0,0,False,2026-09-14 20:45:05.873732,CROSS_ROUND_DUPLICATE_FREEZE,291
841,1106,181,110,continent,Africa,2,21,1,0,0,False,2026-09-14 20:45:05.873732,CROSS_ROUND_DUPLICATE_FREEZE,1911
842,1096,181,110,continent,Africa,2,21,2,0,0,False,2026-09-14 20:45:05.873732,CROSS_ROUND_DUPLICATE_FREEZE,1912
843,1069,181,110,continent,Africa,2,21,3,0,0,False,2026-09-14 20:45:05.873732,CROSS_ROUND_DUPLICATE_FREEZE,292
844,1055,181,110,continent,Africa,2,21,4,0,0,False,2026-09-14 20:45:05.873732,CROSS_ROUND_DUPLICATE_FREEZE,1910
845,1047,181,110,continent,Africa,2,21,5,0,0,False,2026-09-14 20:45:05.873732,CROSS_ROUND_DUPLICATE_FREEZE,1909
846,1107,183,111,continent,Africa,2,21,1,0,0,False,2026-09-14 20:45:05.873732,CROSS_ROUND_DUPLICATE_FREEZE,1915
847,1097,183,111,continent,Africa,2,21,2,0,0,False,2026-09-14 20:45:05.873732,CROSS_ROUND_DUPLICATE_FREEZE,1916
848,1070,183,111,continent,Africa,2,21,3,0,0,False,2026-09-14 20:45:05.873732,CROSS_ROUND_DUPLICATE_FREEZE,293
849,1056,183,111,continent,Africa,2,21,4,0,0,False,2026-09-14 20:45:05.873732,CROSS_ROUND_DUPLICATE_FREEZE,1914
850,1046,183,111,continent,Africa,2,21,5,0,0,False,2026-09-14 20:45:05.873732,CROSS_ROUND_DUPLICATE_FREEZE,1913
851,1104,185,112,continent,Africa,2,21,1,0,0,False,2026-09-14 20:45:05.873732,CROSS_ROUND_DUPLICATE_FREEZE,294
852,1093,185,112,continent,Africa,2,21,2,0,0,False,2026-09-14 20:45:05.873732,CROSS_ROUND_DUPLICATE_FREEZE,1920
853,1076,185,112,continent,Africa,2,21,3,0,0,False,2026-09-14 20:45:05.873732,CROSS_ROUND_DUPLICATE_FREEZE,1918
854,999,185,112,continent,Africa,2,4,4,0,0,False,2026-09-14 20:45:05.873732,CROSS_ROUND_DUPLICATE_FREEZE,1708
855,965,185,112,continent,Africa,2,4,5,0,0,False,2026-09-14 20:45:05.873732,CROSS_ROUND_DUPLICATE_FREEZE,1917
1157,1119,213,118,regional,East Africa,3,26,1,0,0,True,2026-09-14 20:45:22.763651,CROSS_ROUND_DUPLICATE_FREEZE,1777
1158,771,213,118,regional,East Africa,3,4,2,0,0,True,2026-09-14 20:45:22.763651,CROSS_ROUND_DUPLICATE_FREEZE,1604
1163,1118,215,119,regional,East Africa,3,26,1,0,0,True,2026-09-14 20:45:22.763651,CROSS_ROUND_DUPLICATE_FREEZE,1778
1165,789,215,119,regional,East Africa,3,4,3,0,0,True,2026-09-14 20:45:22.763651,CROSS_ROUND_DUPLICATE_FREEZE,1608
1166,827,215,119,regional,East Africa,3,4,4,0,0,True,2026-09-14 20:45:22.763651,CROSS_ROUND_DUPLICATE_FREEZE,1607
1168,914,215,119,regional,West Africa,3,4,1,0,0,True,2026-09-14 20:45:22.763651,CROSS_ROUND_DUPLICATE_FREEZE,1609
1170,773,217,120,regional,East Africa,3,4,2,0,0,True,2026-09-14 20:45:22.763651,CROSS_ROUND_DUPLICATE_FREEZE,1611
1172,774,217,120,regional,East Africa,3,4,4,0,0,True,2026-09-14 20:45:22.763651,CROSS_ROUND_DUPLICATE_FREEZE,1610
1178,988,219,50,regional,East Africa,3,4,3,0,0,True,2026-09-14 20:45:22.763651,CROSS_ROUND_DUPLICATE_FREEZE,1612
1180,936,223,53,regional,East Africa,3,4,1,0,0,True,2026-09-14 20:45:22.763651,CROSS_ROUND_DUPLICATE_FREEZE,1614
1181,941,223,53,regional,East Africa,3,4,2,0,0,True,2026-09-14 20:45:22.763651,CROSS_ROUND_DUPLICATE_FREEZE,1613
1347,791,196,117,continent,Africa,3,4,1,0,0,False,2026-09-14 20:45:26.565258,CROSS_ROUND_DUPLICATE_FREEZE,1712
1420,1166,23,18,regional,East Africa,4,26,2,0,0,True,2026-09-14 20:45:34.284640,CROSS_ROUND_DUPLICATE_FREEZE,1751
1423,1109,23,18,regional,East Africa,4,21,5,0,0,True,2026-09-14 20:45:34.284640,CROSS_ROUND_DUPLICATE_FREEZE,43
1426,88,23,18,regional,West Africa,4,3,3,0,0,True,2026-09-14 20:45:34.284640,CROSS_ROUND_DUPLICATE_FREEZE,1019
1431,96,27,6,regional,West Africa,4,3,1,0,0,True,2026-09-14 20:45:34.284640,CROSS_ROUND_DUPLICATE_FREEZE,1025
1438,110,34,1,regional,West Africa,4,3,1,0,0,True,2026-09-14 20:45:34.284640,CROSS_ROUND_DUPLICATE_FREEZE,1033
1470,140,49,46,regional,West Africa,4,3,1,0,0,True,2026-09-14 20:45:34.284640,CROSS_ROUND_DUPLICATE_FREEZE,1064
1471,514,49,46,regional,East Africa,4,3,1,0,0,True,2026-09-14 20:45:34.284640,CROSS_ROUND_DUPLICATE_FREEZE,1063
1472,552,49,46,regional,East Africa,4,3,2,0,0,True,2026-09-14 20:45:34.284640,CROSS_ROUND_DUPLICATE_FREEZE,1062
1473,144,51,47,regional,West Africa,4,3,1,0,0,True,2026-09-14 20:45:34.284640,CROSS_ROUND_DUPLICATE_FREEZE,1065
1474,148,53,66,regional,West Africa,4,3,1,0,0,True,2026-09-14 20:45:34.284640,CROSS_ROUND_DUPLICATE_FREEZE,1066
1475,152,55,67,regional,West Africa,4,3,1,0,0,True,2026-09-14 20:45:34.284640,CROSS_ROUND_DUPLICATE_FREEZE,1067
1476,156,57,68,regional,West Africa,4,3,1,0,0,True,2026-09-14 20:45:34.284640,CROSS_ROUND_DUPLICATE_FREEZE,1068
1477,160,59,69,regional,West Africa,4,3,1,0,0,True,2026-09-14 20:45:34.284640,CROSS_ROUND_DUPLICATE_FREEZE,1071
1478,572,59,69,regional,East Africa,4,3,1,0,0,True,2026-09-14 20:45:34.284640,CROSS_ROUND_DUPLICATE_FREEZE,1069
1479,557,59,69,regional,East Africa,4,3,2,0,0,True,2026-09-14 20:45:34.284640,CROSS_ROUND_DUPLICATE_FREEZE,1070
1480,164,61,70,regional,West Africa,4,3,1,0,0,True,2026-09-14 20:45:34.284640,CROSS_ROUND_DUPLICATE_FREEZE,1072
1481,166,62,70,regional,West Africa,4,3,1,0,0,True,2026-09-14 20:45:34.284640,CROSS_ROUND_DUPLICATE_FREEZE,1074
1482,559,62,70,regional,East Africa,4,3,1,0,0,True,2026-09-14 20:45:34.284640,CROSS_ROUND_DUPLICATE_FREEZE,1073
1488,174,66,61,regional,West Africa,4,3,1,0,0,True,2026-09-14 20:45:34.284640,CROSS_ROUND_DUPLICATE_FREEZE,1077
1489,178,68,51,regional,West Africa,4,3,1,0,0,True,2026-09-14 20:45:34.284640,CROSS_ROUND_DUPLICATE_FREEZE,1078
1490,182,70,56,regional,West Africa,4,3,1,0,0,True,2026-09-14 20:45:34.284640,CROSS_ROUND_DUPLICATE_FREEZE,1079
1493,190,74,23,regional,West Africa,4,3,1,0,0,True,2026-09-14 20:45:34.284640,CROSS_ROUND_DUPLICATE_FREEZE,1084
1494,633,74,23,regional,West Africa,4,3,2,0,0,True,2026-09-14 20:45:34.284640,CROSS_ROUND_DUPLICATE_FREEZE,1083
1495,585,74,23,regional,West Africa,4,3,3,0,0,True,2026-09-14 20:45:34.284640,CROSS_ROUND_DUPLICATE_FREEZE,1082
1496,589,74,23,regional,West Africa,4,3,4,0,0,True,2026-09-14 20:45:34.284640,CROSS_ROUND_DUPLICATE_FREEZE,1081
1497,194,76,2,regional,West Africa,4,3,1,0,0,True,2026-09-14 20:45:34.284640,CROSS_ROUND_DUPLICATE_FREEZE,1085
1499,623,78,22,regional,West Africa,4,3,2,0,0,True,2026-09-14 20:45:34.284640,CROSS_ROUND_DUPLICATE_FREEZE,1089
1502,198,78,22,regional,West Africa,4,3,5,0,0,True,2026-09-14 20:45:34.284640,CROSS_ROUND_DUPLICATE_FREEZE,1086
1507,206,82,72,regional,West Africa,4,3,1,0,0,True,2026-09-14 20:45:34.284640,CROSS_ROUND_DUPLICATE_FREEZE,1093
1510,526,86,74,regional,East Africa,4,3,2,0,0,True,2026-09-14 20:45:34.284640,CROSS_ROUND_DUPLICATE_FREEZE,1095
1512,214,86,74,regional,West Africa,4,3,1,0,0,True,2026-09-14 20:45:34.284640,CROSS_ROUND_DUPLICATE_FREEZE,1096
1521,230,94,78,regional,West Africa,4,3,1,0,0,True,2026-09-14 20:45:34.284640,CROSS_ROUND_DUPLICATE_FREEZE,1100
1522,238,98,80,regional,West Africa,4,3,1,0,0,True,2026-09-14 20:45:34.284640,CROSS_ROUND_DUPLICATE_FREEZE,1101
1525,246,102,82,regional,West Africa,4,3,1,0,0,True,2026-09-14 20:45:34.284640,CROSS_ROUND_DUPLICATE_FREEZE,1103
1527,250,104,83,regional,West Africa,4,3,1,0,0,True,2026-09-14 20:45:34.284640,CROSS_ROUND_DUPLICATE_FREEZE,1105
1528,254,106,84,regional,West Africa,4,3,1,0,0,True,2026-09-14 20:45:34.284640,CROSS_ROUND_DUPLICATE_FREEZE,1106
1529,258,108,85,regional,West Africa,4,3,1,0,0,True,2026-09-14 20:45:34.284640,CROSS_ROUND_DUPLICATE_FREEZE,1107
1530,262,110,86,regional,West Africa,4,3,1,0,0,True,2026-09-14 20:45:34.284640,CROSS_ROUND_DUPLICATE_FREEZE,1108
1531,266,112,87,regional,West Africa,4,3,1,0,0,True,2026-09-14 20:45:34.284640,CROSS_ROUND_DUPLICATE_FREEZE,1109
1532,270,114,88,regional,West Africa,4,3,1,0,0,True,2026-09-14 20:45:34.284640,CROSS_ROUND_DUPLICATE_FREEZE,1110
1533,272,115,89,regional,West Africa,4,3,1,0,0,True,2026-09-14 20:45:34.284640,CROSS_ROUND_DUPLICATE_FREEZE,1111
1534,276,117,90,regional,West Africa,4,3,1,0,0,True,2026-09-14 20:45:34.284640,CROSS_ROUND_DUPLICATE_FREEZE,1112
1535,280,119,91,regional,West Africa,4,3,1,0,0,True,2026-09-14 20:45:34.284640,CROSS_ROUND_DUPLICATE_FREEZE,1113
1536,1135,121,92,regional,West Africa,4,26,1,0,0,True,2026-09-14 20:45:34.284640,CROSS_ROUND_DUPLICATE_FREEZE,1767
1537,1136,121,92,regional,West Africa,4,26,2,0,0,True,2026-09-14 20:45:34.284640,CROSS_ROUND_DUPLICATE_FREEZE,1766
1538,284,121,92,regional,West Africa,4,3,3,0,0,True,2026-09-14 20:45:34.284640,CROSS_ROUND_DUPLICATE_FREEZE,1114
1539,288,123,93,regional,West Africa,4,3,1,0,0,True,2026-09-14 20:45:34.284640,CROSS_ROUND_DUPLICATE_FREEZE,1115
1540,292,125,94,regional,West Africa,4,3,1,0,0,True,2026-09-14 20:45:34.284640,CROSS_ROUND_DUPLICATE_FREEZE,1116
1541,296,127,95,regional,West Africa,4,3,1,0,0,True,2026-09-14 20:45:34.284640,CROSS_ROUND_DUPLICATE_FREEZE,1117
1542,300,129,96,regional,West Africa,4,3,1,0,0,True,2026-09-14 20:45:34.284640,CROSS_ROUND_DUPLICATE_FREEZE,1118
1543,304,131,97,regional,West Africa,4,3,1,0,0,True,2026-09-14 20:45:34.284640,CROSS_ROUND_DUPLICATE_FREEZE,1119
1544,308,133,98,regional,West Africa,4,3,1,0,0,True,2026-09-14 20:45:34.284640,CROSS_ROUND_DUPLICATE_FREEZE,1120
1545,312,135,99,regional,West Africa,4,3,1,0,0,True,2026-09-14 20:45:34.284640,CROSS_ROUND_DUPLICATE_FREEZE,1121
1546,320,139,37,regional,West Africa,4,3,1,0,0,True,2026-09-14 20:45:34.284640,CROSS_ROUND_DUPLICATE_FREEZE,1123
1547,324,141,36,regional,West Africa,4,3,1,0,0,True,2026-09-14 20:45:34.284640,CROSS_ROUND_DUPLICATE_FREEZE,1124
1548,328,143,27,regional,West Africa,4,3,1,0,0,True,2026-09-14 20:45:34.284640,CROSS_ROUND_DUPLICATE_FREEZE,1125
1549,332,145,26,regional,West Africa,4,3,1,0,0,True,2026-09-14 20:45:34.284640,CROSS_ROUND_DUPLICATE_FREEZE,1126
1550,573,147,41,regional,East Africa,4,3,1,0,0,True,2026-09-14 20:45:34.284640,CROSS_ROUND_DUPLICATE_FREEZE,1127
1551,336,147,41,regional,West Africa,4,3,1,0,0,True,2026-09-14 20:45:34.284640,CROSS_ROUND_DUPLICATE_FREEZE,1128
1552,340,149,39,regional,West Africa,4,3,1,0,0,True,2026-09-14 20:45:34.284640,CROSS_ROUND_DUPLICATE_FREEZE,1129
1553,344,151,38,regional,West Africa,4,3,1,0,0,True,2026-09-14 20:45:34.284640,CROSS_ROUND_DUPLICATE_FREEZE,1130
1554,348,153,21,regional,West Africa,4,3,1,0,0,True,2026-09-14 20:45:34.284640,CROSS_ROUND_DUPLICATE_FREEZE,1131
1555,352,155,32,regional,West Africa,4,3,1,0,0,True,2026-09-14 20:45:34.284640,CROSS_ROUND_DUPLICATE_FREEZE,1132
1556,356,157,101,regional,West Africa,4,3,1,0,0,True,2026-09-14 20:45:34.284640,CROSS_ROUND_DUPLICATE_FREEZE,1133
1557,360,159,33,regional,West Africa,4,3,1,0,0,True,2026-09-14 20:45:34.284640,CROSS_ROUND_DUPLICATE_FREEZE,1134
1558,364,161,102,regional,West Africa,4,3,1,0,0,True,2026-09-14 20:45:34.284640,CROSS_ROUND_DUPLICATE_FREEZE,1135
1559,368,163,35,regional,West Africa,4,3,1,0,0,True,2026-09-14 20:45:34.284640,CROSS_ROUND_DUPLICATE_FREEZE,1136
1560,372,165,103,regional,West Africa,4,3,1,0,0,True,2026-09-14 20:45:34.284640,CROSS_ROUND_DUPLICATE_FREEZE,1137
1561,376,167,31,regional,West Africa,4,3,1,0,0,True,2026-09-14 20:45:34.284640,CROSS_ROUND_DUPLICATE_FREEZE,1138
1562,380,169,105,regional,West Africa,4,3,1,0,0,True,2026-09-14 20:45:34.284640,CROSS_ROUND_DUPLICATE_FREEZE,1139
1563,382,170,30,regional,West Africa,4,3,1,0,0,True,2026-09-14 20:45:34.284640,CROSS_ROUND_DUPLICATE_FREEZE,1140
1564,384,171,104,regional,West Africa,4,3,1,0,0,True,2026-09-14 20:45:34.284640,CROSS_ROUND_DUPLICATE_FREEZE,1141
1565,388,173,106,regional,West Africa,4,3,1,0,0,True,2026-09-14 20:45:34.284640,CROSS_ROUND_DUPLICATE_FREEZE,1142
1566,1115,175,107,regional,East Africa,4,26,1,0,0,True,2026-09-14 20:45:34.284640,CROSS_ROUND_DUPLICATE_FREEZE,1768
1567,612,175,107,regional,West Africa,4,3,1,0,0,True,2026-09-14 20:45:34.284640,CROSS_ROUND_DUPLICATE_FREEZE,1143
1568,392,175,107,regional,West Africa,4,3,2,0,0,True,2026-09-14 20:45:34.284640,CROSS_ROUND_DUPLICATE_FREEZE,1144
1571,400,179,109,regional,West Africa,4,3,1,0,0,True,2026-09-14 20:45:34.284640,CROSS_ROUND_DUPLICATE_FREEZE,1146
1572,1164,179,109,regional,East Africa,4,26,1,0,0,True,2026-09-14 20:45:34.284640,CROSS_ROUND_DUPLICATE_FREEZE,1772
1576,1156,179,109,regional,East Africa,4,26,5,0,0,True,2026-09-14 20:45:34.284640,CROSS_ROUND_DUPLICATE_FREEZE,1774
1582,404,181,110,regional,West Africa,4,3,1,0,0,True,2026-09-14 20:45:34.284640,CROSS_ROUND_DUPLICATE_FREEZE,1147
1588,408,183,111,regional,West Africa,4,3,1,0,0,True,2026-09-14 20:45:34.284640,CROSS_ROUND_DUPLICATE_FREEZE,1148
1594,565,190,114,regional,East Africa,4,3,2,0,0,True,2026-09-14 20:45:34.284640,CROSS_ROUND_DUPLICATE_FREEZE,1155
1597,564,192,115,regional,East Africa,4,3,2,0,0,True,2026-09-14 20:45:34.284640,CROSS_ROUND_DUPLICATE_FREEZE,1156
1634,463,17,45,continent,Africa,4,3,3,0,0,False,2026-09-14 20:45:38.089983,CROSS_ROUND_DUPLICATE_FREEZE,1204
1639,511,19,9,continent,Africa,4,3,5,0,0,False,2026-09-14 20:45:38.089983,CROSS_ROUND_DUPLICATE_FREEZE,1206
1703,1067,137,100,continent,Africa,4,21,1,0,0,False,2026-09-14 20:45:38.089983,CROSS_ROUND_DUPLICATE_FREEZE,279
1704,1051,137,100,continent,Africa,4,21,2,0,0,False,2026-09-14 20:45:38.089983,CROSS_ROUND_DUPLICATE_FREEZE,280
1705,1042,137,100,continent,Africa,4,21,3,0,0,False,2026-09-14 20:45:38.089983,CROSS_ROUND_DUPLICATE_FREEZE,281
