top_high5_result_id,contestant_id,contest_id,level,round_id,jurisdiction,rank,migrated,reason
119,1206,86,regional,21,East Africa,1,True,EXCLUDED_ZERO_MATCH
121,1137,86,regional,21,East Africa,3,True,EXCLUDED_ZERO_MATCH
186,1208,190,regional,21,East Africa,1,True,EXCLUDED_ZERO_MATCH
188,1116,190,regional,21,East Africa,3,True,EXCLUDED_ZERO_MATCH
189,1120,192,regional,21,East Africa,1,True,EXCLUDED_ZERO_MATCH
191,1207,192,regional,21,East Africa,3,True,EXCLUDED_ZERO_MATCH
196,788,213,regional,21,East Africa,3,True,EXCLUDED_ZERO_MATCH
197,833,213,regional,21,East Africa,4,True,EXCLUDED_ZERO_MATCH
198,1222,213,regional,21,East Africa,5,True,EXCLUDED_ZERO_MATCH
199,913,213,regional,21,West Africa,1,True,EXCLUDED_ZERO_MATCH
201,772,215,regional,21,East Africa,2,True,EXCLUDED_ZERO_MATCH
204,1221,215,regional,21,East Africa,5,True,EXCLUDED_ZERO_MATCH
206,931,219,regional,21,West Africa,1,True,EXCLUDED_ZERO_MATCH
207,929,219,regional,21,West Africa,2,True,EXCLUDED_ZERO_MATCH
208,934,219,regional,21,East Africa,1,True,EXCLUDED_ZERO_MATCH
209,953,219,regional,21,East Africa,2,True,EXCLUDED_ZERO_MATCH
211,928,219,regional,21,East Africa,4,True,EXCLUDED_ZERO_MATCH
214,1184,228,regional,21,East Africa,1,True,EXCLUDED_ZERO_MATCH
215,1189,228,regional,21,East Africa,2,True,EXCLUDED_ZERO_MATCH
216,1235,228,regional,21,East Africa,3,True,EXCLUDED_ZERO_MATCH
217,1202,228,regional,21,East Africa,4,True,EXCLUDED_ZERO_MATCH
218,1057,9,continent,21,Asia,1,False,EXCLUDED_OTHER_DEFECT_CLASS
219,1062,9,continent,21,Africa,1,False,EXCLUDED_OTHER_DEFECT_CLASS
220,1050,9,continent,21,Africa,2,False,EXCLUDED_OTHER_DEFECT_CLASS
225,971,11,continent,21,Africa,5,False,EXCLUDED_ZERO_MATCH
230,1149,15,continent,21,Africa,1,False,EXCLUDED_ZERO_MATCH
233,679,15,continent,21,Africa,4,False,EXCLUDED_ZERO_MATCH
235,1169,17,continent,21,Africa,1,False,EXCLUDED_ZERO_MATCH
241,555,19,continent,21,Africa,4,False,EXCLUDED_ZERO_MATCH
243,1167,21,continent,21,Africa,1,False,EXCLUDED_ZERO_MATCH
249,1147,25,continent,21,Africa,1,False,EXCLUDED_ZERO_MATCH
250,997,25,continent,21,Africa,2,False,EXCLUDED_ZERO_MATCH
251,968,25,continent,21,Africa,3,False,EXCLUDED_ZERO_MATCH
259,1165,31,continent,21,Africa,1,False,EXCLUDED_ZERO_MATCH
260,1150,31,continent,21,Africa,2,False,EXCLUDED_ZERO_MATCH
261,1124,31,continent,21,Africa,3,False,EXCLUDED_ZERO_MATCH
268,1161,37,continent,21,Africa,1,False,EXCLUDED_ZERO_MATCH
269,1132,37,continent,21,Africa,2,False,EXCLUDED_ZERO_MATCH
271,986,37,continent,21,Africa,4,False,EXCLUDED_ZERO_MATCH
272,981,37,continent,21,Africa,5,False,EXCLUDED_ZERO_MATCH
273,1065,39,continent,21,Africa,1,False,EXCLUDED_OTHER_DEFECT_CLASS
274,637,78,continent,21,Africa,1,False,EXCLUDED_ZERO_MATCH
275,634,78,continent,21,Africa,2,False,EXCLUDED_ZERO_MATCH
286,823,177,continent,21,Africa,5,False,EXCLUDED_ZERO_MATCH
287,1158,179,continent,21,Africa,1,False,EXCLUDED_ZERO_MATCH
295,1077,188,continent,21,Africa,1,False,EXCLUDED_OTHER_DEFECT_CLASS
296,1016,188,continent,21,Africa,2,False,EXCLUDED_OTHER_DEFECT_CLASS
311,1140,45,continent,21,Africa,1,False,EXCLUDED_OTHER_DEFECT_CLASS
350,1211,80,continent,21,Africa,1,False,EXCLUDED_OTHER_DEFECT_CLASS
358,1206,86,continent,21,Africa,1,False,EXCLUDED_ZERO_MATCH
388,1136,121,continent,21,Africa,1,False,EXCLUDED_ZERO_MATCH
389,1135,121,continent,21,Africa,2,False,EXCLUDED_ZERO_MATCH
418,1115,175,continent,21,Africa,1,False,EXCLUDED_ZERO_MATCH
421,1208,190,continent,21,Africa,1,False,EXCLUDED_ZERO_MATCH
423,1207,192,continent,21,Africa,1,False,EXCLUDED_ZERO_MATCH
425,1209,196,continent,21,Africa,1,False,EXCLUDED_OTHER_DEFECT_CLASS
427,1222,213,continent,21,Africa,1,False,EXCLUDED_ZERO_MATCH
428,1119,213,continent,21,Africa,2,False,EXCLUDED_ZERO_MATCH
432,1221,215,continent,21,Africa,1,False,EXCLUDED_ZERO_MATCH
433,1118,215,continent,21,Africa,2,False,EXCLUDED_ZERO_MATCH
444,1235,228,continent,21,Africa,1,False,EXCLUDED_ZERO_MATCH
445,1189,228,continent,21,Africa,2,False,EXCLUDED_ZERO_MATCH
446,1184,228,continent,21,Africa,3,False,EXCLUDED_ZERO_MATCH
447,1166,23,continent,4,Africa,1,False,EXCLUDED_ZERO_MATCH
448,1154,23,continent,4,Africa,2,False,EXCLUDED_ZERO_MATCH
476,637,78,continent,4,Africa,2,False,EXCLUDED_ZERO_MATCH
477,634,78,continent,4,Africa,3,False,EXCLUDED_ZERO_MATCH
481,1206,86,continent,4,Africa,1,False,EXCLUDED_ZERO_MATCH
495,1136,121,continent,4,Africa,1,False,EXCLUDED_ZERO_MATCH
496,1135,121,continent,4,Africa,2,False,EXCLUDED_ZERO_MATCH
525,1115,175,continent,4,Africa,1,False,EXCLUDED_ZERO_MATCH
529,1158,179,continent,4,Africa,2,False,EXCLUDED_ZERO_MATCH
543,1208,190,continent,4,Africa,1,False,EXCLUDED_ZERO_MATCH
545,1207,192,continent,4,Africa,1,False,EXCLUDED_ZERO_MATCH
547,1235,228,continent,4,Africa,1,False,EXCLUDED_ZERO_MATCH
548,1189,228,continent,4,Africa,2,False,EXCLUDED_ZERO_MATCH
549,1184,228,continent,4,Africa,3,False,EXCLUDED_ZERO_MATCH
554,1222,213,continent,3,Africa,1,False,EXCLUDED_ZERO_MATCH
555,1119,213,continent,3,Africa,2,False,EXCLUDED_ZERO_MATCH
559,1221,215,continent,3,Africa,1,False,EXCLUDED_ZERO_MATCH
560,1118,215,continent,3,Africa,2,False,EXCLUDED_ZERO_MATCH
574,1235,228,continent,3,Africa,1,False,EXCLUDED_ZERO_MATCH
575,1189,228,continent,3,Africa,2,False,EXCLUDED_ZERO_MATCH
576,1184,228,continent,3,Africa,3,False,EXCLUDED_ZERO_MATCH
583,971,11,continent,1,Africa,5,False,EXCLUDED_ZERO_MATCH
588,1149,15,continent,1,Africa,1,False,EXCLUDED_ZERO_MATCH
591,679,15,continent,1,Africa,4,False,EXCLUDED_ZERO_MATCH
593,1169,17,continent,1,Africa,1,False,EXCLUDED_ZERO_MATCH
599,555,19,continent,1,Africa,4,False,EXCLUDED_ZERO_MATCH
601,1167,21,continent,1,Africa,1,False,EXCLUDED_ZERO_MATCH
606,1166,23,continent,1,Africa,1,False,EXCLUDED_ZERO_MATCH
607,1154,23,continent,1,Africa,2,False,EXCLUDED_ZERO_MATCH
608,861,23,continent,1,Africa,3,False,EXCLUDED_ZERO_MATCH
609,856,23,continent,1,Africa,4,False,EXCLUDED_ZERO_MATCH
610,847,23,continent,1,Africa,5,False,EXCLUDED_ZERO_MATCH
611,1147,25,continent,1,Africa,1,False,EXCLUDED_ZERO_MATCH
612,997,25,continent,1,Africa,2,False,EXCLUDED_ZERO_MATCH
613,968,25,continent,1,Africa,3,False,EXCLUDED_ZERO_MATCH
621,1165,31,continent,1,Africa,1,False,EXCLUDED_ZERO_MATCH
622,1150,31,continent,1,Africa,2,False,EXCLUDED_ZERO_MATCH
623,1124,31,continent,1,Africa,3,False,EXCLUDED_ZERO_MATCH
630,1161,37,continent,1,Africa,1,False,EXCLUDED_ZERO_MATCH
631,1132,37,continent,1,Africa,2,False,EXCLUDED_ZERO_MATCH
633,986,37,continent,1,Africa,4,False,EXCLUDED_ZERO_MATCH
634,981,37,continent,1,Africa,5,False,EXCLUDED_ZERO_MATCH
635,1160,39,continent,1,Africa,1,False,EXCLUDED_ZERO_MATCH
636,1114,39,continent,1,Africa,2,False,EXCLUDED_ZERO_MATCH
637,960,39,continent,1,Africa,3,False,EXCLUDED_ZERO_MATCH
644,677,41,continent,1,Africa,5,False,EXCLUDED_ZERO_MATCH
647,871,42,continent,1,Africa,3,False,EXCLUDED_ZERO_MATCH
654,678,45,continent,1,Africa,5,False,EXCLUDED_ZERO_MATCH
671,637,78,continent,1,Africa,1,False,EXCLUDED_ZERO_MATCH
672,634,78,continent,1,Africa,2,False,EXCLUDED_ZERO_MATCH
694,823,177,continent,1,Africa,5,False,EXCLUDED_ZERO_MATCH
695,1158,179,continent,1,Africa,1,False,EXCLUDED_ZERO_MATCH
724,971,11,continent,2,Africa,5,False,EXCLUDED_ZERO_MATCH
729,1149,15,continent,2,Africa,1,False,EXCLUDED_ZERO_MATCH
732,679,15,continent,2,Africa,4,False,EXCLUDED_ZERO_MATCH
734,1169,17,continent,2,Africa,1,False,EXCLUDED_ZERO_MATCH
740,555,19,continent,2,Africa,4,False,EXCLUDED_ZERO_MATCH
742,1167,21,continent,2,Africa,1,False,EXCLUDED_ZERO_MATCH
747,1166,23,continent,2,Africa,1,False,EXCLUDED_ZERO_MATCH
748,1154,23,continent,2,Africa,2,False,EXCLUDED_ZERO_MATCH
749,861,23,continent,2,Africa,3,False,EXCLUDED_ZERO_MATCH
750,856,23,continent,2,Africa,4,False,EXCLUDED_ZERO_MATCH
751,847,23,continent,2,Africa,5,False,EXCLUDED_ZERO_MATCH
752,1147,25,continent,2,Africa,1,False,EXCLUDED_ZERO_MATCH
753,997,25,continent,2,Africa,2,False,EXCLUDED_ZERO_MATCH
754,968,25,continent,2,Africa,3,False,EXCLUDED_ZERO_MATCH
762,1165,31,continent,2,Africa,1,False,EXCLUDED_ZERO_MATCH
763,1150,31,continent,2,Africa,2,False,EXCLUDED_ZERO_MATCH
764,1124,31,continent,2,Africa,3,False,EXCLUDED_ZERO_MATCH
771,1161,37,continent,2,Africa,1,False,EXCLUDED_ZERO_MATCH
772,1132,37,continent,2,Africa,2,False,EXCLUDED_ZERO_MATCH
774,986,37,continent,2,Africa,4,False,EXCLUDED_ZERO_MATCH
775,981,37,continent,2,Africa,5,False,EXCLUDED_ZERO_MATCH
776,1160,39,continent,2,Africa,1,False,EXCLUDED_ZERO_MATCH
777,1114,39,continent,2,Africa,2,False,EXCLUDED_ZERO_MATCH
778,960,39,continent,2,Africa,3,False,EXCLUDED_ZERO_MATCH
785,677,41,continent,2,Africa,5,False,EXCLUDED_ZERO_MATCH
788,871,42,continent,2,Africa,3,False,EXCLUDED_ZERO_MATCH
795,678,45,continent,2,Africa,5,False,EXCLUDED_ZERO_MATCH
812,637,78,continent,2,Africa,1,False,EXCLUDED_ZERO_MATCH
813,634,78,continent,2,Africa,2,False,EXCLUDED_ZERO_MATCH
835,823,177,continent,2,Africa,5,False,EXCLUDED_ZERO_MATCH
836,1158,179,continent,2,Africa,1,False,EXCLUDED_ZERO_MATCH
1159,788,213,regional,3,East Africa,3,True,EXCLUDED_ZERO_MATCH
1160,833,213,regional,3,East Africa,4,True,EXCLUDED_ZERO_MATCH
1161,1222,213,regional,3,East Africa,5,True,EXCLUDED_ZERO_MATCH
1162,913,213,regional,3,West Africa,1,True,EXCLUDED_ZERO_MATCH
1164,772,215,regional,3,East Africa,2,True,EXCLUDED_ZERO_MATCH
1167,1221,215,regional,3,East Africa,5,True,EXCLUDED_ZERO_MATCH
1174,931,219,regional,3,West Africa,1,True,EXCLUDED_ZERO_MATCH
1175,929,219,regional,3,West Africa,2,True,EXCLUDED_ZERO_MATCH
1176,934,219,regional,3,East Africa,1,True,EXCLUDED_ZERO_MATCH
1177,953,219,regional,3,East Africa,2,True,EXCLUDED_ZERO_MATCH
1179,928,219,regional,3,East Africa,4,True,EXCLUDED_ZERO_MATCH
1182,1184,228,regional,3,East Africa,1,True,EXCLUDED_ZERO_MATCH
1183,1189,228,regional,3,East Africa,2,True,EXCLUDED_ZERO_MATCH
1184,1235,228,regional,3,East Africa,3,True,EXCLUDED_ZERO_MATCH
1185,1202,228,regional,3,East Africa,4,True,EXCLUDED_ZERO_MATCH
1509,1206,86,regional,4,East Africa,1,True,EXCLUDED_ZERO_MATCH
1511,1137,86,regional,4,East Africa,3,True,EXCLUDED_ZERO_MATCH
1593,1208,190,regional,4,East Africa,1,True,EXCLUDED_ZERO_MATCH
1595,1116,190,regional,4,East Africa,3,True,EXCLUDED_ZERO_MATCH
1596,1120,192,regional,4,East Africa,1,True,EXCLUDED_ZERO_MATCH
1598,1207,192,regional,4,East Africa,3,True,EXCLUDED_ZERO_MATCH
1615,1184,228,regional,4,East Africa,1,True,EXCLUDED_ZERO_MATCH
1616,1189,228,regional,4,East Africa,2,True,EXCLUDED_ZERO_MATCH
1617,1235,228,regional,4,East Africa,3,True,EXCLUDED_ZERO_MATCH
1618,1202,228,regional,4,East Africa,4,True,EXCLUDED_ZERO_MATCH
1632,1169,17,continent,4,Africa,1,False,EXCLUDED_ZERO_MATCH
1638,555,19,continent,4,Africa,4,False,EXCLUDED_ZERO_MATCH
1640,1167,21,continent,4,Africa,1,False,EXCLUDED_ZERO_MATCH
1746,1159,9,regional,26,East Africa,1,True,EXCLUDED_OTHER_DEFECT_CLASS
1747,1143,9,regional,26,East Africa,2,True,EXCLUDED_OTHER_DEFECT_CLASS
1748,1141,9,regional,26,East Africa,3,True,EXCLUDED_OTHER_DEFECT_CLASS
1749,1122,9,regional,26,East Africa,4,True,EXCLUDED_OTHER_DEFECT_CLASS
1750,1113,9,regional,26,East Africa,5,True,EXCLUDED_OTHER_DEFECT_CLASS
1752,1154,23,regional,26,East Africa,2,True,EXCLUDED_OTHER_DEFECT_CLASS
1753,1130,23,regional,26,East Africa,3,True,EXCLUDED_OTHER_DEFECT_CLASS
1754,1124,31,regional,26,East Africa,1,True,EXCLUDED_OTHER_DEFECT_CLASS
1755,1165,31,regional,26,East Africa,2,True,EXCLUDED_OTHER_DEFECT_CLASS
1756,1150,31,regional,26,East Africa,3,True,EXCLUDED_OTHER_DEFECT_CLASS
1757,1132,37,regional,26,East Africa,1,True,EXCLUDED_OTHER_DEFECT_CLASS
1758,1161,37,regional,26,East Africa,2,True,EXCLUDED_OTHER_DEFECT_CLASS
1759,1146,37,regional,26,East Africa,3,True,EXCLUDED_OTHER_DEFECT_CLASS
1760,1131,37,regional,26,East Africa,4,True,EXCLUDED_OTHER_DEFECT_CLASS
1761,1160,39,regional,26,East Africa,1,True,EXCLUDED_OTHER_DEFECT_CLASS
1762,1114,39,regional,26,East Africa,2,True,EXCLUDED_OTHER_DEFECT_CLASS
1763,1145,39,regional,26,East Africa,3,True,EXCLUDED_OTHER_DEFECT_CLASS
1764,1121,39,regional,26,East Africa,4,True,EXCLUDED_OTHER_DEFECT_CLASS
1765,1140,45,regional,26,East Africa,1,True,EXCLUDED_OTHER_DEFECT_CLASS
1769,1144,177,regional,26,East Africa,1,True,EXCLUDED_OTHER_DEFECT_CLASS
1770,1117,177,regional,26,East Africa,2,True,EXCLUDED_OTHER_DEFECT_CLASS
1771,1111,177,regional,26,East Africa,3,True,EXCLUDED_OTHER_DEFECT_CLASS
1773,1158,179,regional,26,East Africa,2,True,EXCLUDED_OTHER_DEFECT_CLASS
1775,1142,188,regional,26,East Africa,1,True,EXCLUDED_OTHER_DEFECT_CLASS
1776,1134,188,regional,26,West Africa,1,True,EXCLUDED_OTHER_DEFECT_CLASS
1779,1198,9,country,27,Tanzania,1,True,EXCLUDED_OTHER_DEFECT_CLASS
1780,1172,9,country,27,Tanzania,2,True,EXCLUDED_OTHER_DEFECT_CLASS
1781,1210,11,country,27,Uganda,1,True,EXCLUDED_OTHER_DEFECT_CLASS
1782,1197,11,country,27,Tanzania,1,True,EXCLUDED_OTHER_DEFECT_CLASS
1783,1179,11,country,27,Tanzania,2,True,EXCLUDED_OTHER_DEFECT_CLASS
1784,1196,15,country,27,Tanzania,1,True,EXCLUDED_OTHER_DEFECT_CLASS
1785,1171,15,country,27,Tanzania,2,True,EXCLUDED_OTHER_DEFECT_CLASS
1786,1195,17,country,27,Tanzania,1,True,EXCLUDED_OTHER_DEFECT_CLASS
1787,1175,17,country,27,Tanzania,2,True,EXCLUDED_OTHER_DEFECT_CLASS
1788,1200,19,country,27,Uganda,1,True,EXCLUDED_OTHER_DEFECT_CLASS
1789,1194,21,country,27,Tanzania,1,True,EXCLUDED_OTHER_DEFECT_CLASS
1790,1178,21,country,27,Tanzania,2,True,EXCLUDED_OTHER_DEFECT_CLASS
1791,1193,25,country,27,Tanzania,1,True,EXCLUDED_OTHER_DEFECT_CLASS
1792,1177,25,country,27,Tanzania,2,True,EXCLUDED_OTHER_DEFECT_CLASS
1793,1192,31,country,27,Tanzania,1,True,EXCLUDED_OTHER_DEFECT_CLASS
1794,1176,31,country,27,Tanzania,2,True,EXCLUDED_OTHER_DEFECT_CLASS
1795,1190,37,country,27,Tanzania,1,True,EXCLUDED_OTHER_DEFECT_CLASS
1796,1174,37,country,27,Tanzania,2,True,EXCLUDED_OTHER_DEFECT_CLASS
1797,1183,37,country,27,Uganda,1,True,EXCLUDED_OTHER_DEFECT_CLASS
1798,1185,37,country,27,Rwanda,1,True,EXCLUDED_OTHER_DEFECT_CLASS
1799,1199,39,country,27,Tanzania,1,True,EXCLUDED_OTHER_DEFECT_CLASS
1800,1187,39,country,27,Rwanda,1,True,EXCLUDED_OTHER_DEFECT_CLASS
1801,1211,80,country,27,Uganda,1,True,EXCLUDED_OTHER_DEFECT_CLASS
1802,1206,86,country,27,Uganda,1,True,EXCLUDED_OTHER_DEFECT_CLASS
1803,1201,188,country,27,Uganda,1,True,EXCLUDED_OTHER_DEFECT_CLASS
1804,1208,190,country,27,Uganda,1,True,EXCLUDED_OTHER_DEFECT_CLASS
1805,1207,192,country,27,Uganda,1,True,EXCLUDED_OTHER_DEFECT_CLASS
1806,1209,196,country,27,Uganda,1,True,EXCLUDED_OTHER_DEFECT_CLASS
1807,1189,228,country,27,Tanzania,1,True,EXCLUDED_OTHER_DEFECT_CLASS
1808,1184,228,country,27,Tanzania,2,True,EXCLUDED_OTHER_DEFECT_CLASS
1811,1023,9,continent,21,Africa,3,True,EXCLUDED_OTHER_DEFECT_CLASS
1813,1018,9,continent,21,Africa,5,True,EXCLUDED_OTHER_DEFECT_CLASS
1814,1013,9,continent,21,Africa,6,True,EXCLUDED_OTHER_DEFECT_CLASS
1815,1030,9,continent,21,Africa,7,True,EXCLUDED_OTHER_DEFECT_CLASS
1817,1028,11,continent,21,Africa,6,True,EXCLUDED_OTHER_DEFECT_CLASS
1818,1052,11,continent,21,Africa,7,True,EXCLUDED_OTHER_DEFECT_CLASS
1819,1063,11,continent,21,Africa,8,True,EXCLUDED_OTHER_DEFECT_CLASS
1820,1084,11,continent,21,Africa,9,True,EXCLUDED_OTHER_DEFECT_CLASS
1823,1088,13,continent,21,Africa,5,True,EXCLUDED_OTHER_DEFECT_CLASS
1824,1099,13,continent,21,Africa,6,True,EXCLUDED_OTHER_DEFECT_CLASS
1829,1003,15,continent,21,Africa,6,True,EXCLUDED_OTHER_DEFECT_CLASS
1830,1009,15,continent,21,Africa,7,True,EXCLUDED_OTHER_DEFECT_CLASS
1831,1022,15,continent,21,Africa,8,True,EXCLUDED_OTHER_DEFECT_CLASS
1834,1012,17,continent,21,Africa,4,True,EXCLUDED_OTHER_DEFECT_CLASS
1835,1026,17,continent,21,Africa,5,True,EXCLUDED_OTHER_DEFECT_CLASS
1836,1032,17,continent,21,Africa,6,True,EXCLUDED_OTHER_DEFECT_CLASS
1838,1045,19,continent,21,Africa,6,True,EXCLUDED_OTHER_DEFECT_CLASS
1839,1054,19,continent,21,Africa,7,True,EXCLUDED_OTHER_DEFECT_CLASS
1840,1064,19,continent,21,Africa,8,True,EXCLUDED_OTHER_DEFECT_CLASS
1843,1005,21,continent,21,Africa,6,True,EXCLUDED_OTHER_DEFECT_CLASS
1844,1010,21,continent,21,Africa,7,True,EXCLUDED_OTHER_DEFECT_CLASS
1845,1021,21,continent,21,Africa,8,True,EXCLUDED_OTHER_DEFECT_CLASS
1846,1058,21,continent,21,Africa,9,True,EXCLUDED_OTHER_DEFECT_CLASS
1847,1060,21,continent,21,Africa,10,True,EXCLUDED_OTHER_DEFECT_CLASS
1848,1011,23,continent,21,Africa,2,True,EXCLUDED_OTHER_DEFECT_CLASS
1849,1006,23,continent,21,Africa,3,True,EXCLUDED_OTHER_DEFECT_CLASS
1850,1038,23,continent,21,Africa,4,True,EXCLUDED_OTHER_DEFECT_CLASS
1851,1048,23,continent,21,Africa,5,True,EXCLUDED_OTHER_DEFECT_CLASS
1858,1034,25,continent,21,Africa,6,True,EXCLUDED_OTHER_DEFECT_CLASS
1859,1007,25,continent,21,Africa,7,True,EXCLUDED_OTHER_DEFECT_CLASS
1860,1025,25,continent,21,Africa,8,True,EXCLUDED_OTHER_DEFECT_CLASS
1861,1071,25,continent,21,Africa,9,True,EXCLUDED_OTHER_DEFECT_CLASS
1862,1075,25,continent,21,Africa,10,True,EXCLUDED_OTHER_DEFECT_CLASS
1866,1033,29,continent,21,Africa,6,True,EXCLUDED_OTHER_DEFECT_CLASS
1867,1085,29,continent,21,Africa,7,True,EXCLUDED_OTHER_DEFECT_CLASS
1871,1090,31,continent,21,Africa,6,True,EXCLUDED_OTHER_DEFECT_CLASS
1872,1100,31,continent,21,Africa,7,True,EXCLUDED_OTHER_DEFECT_CLASS
1875,1089,32,continent,21,Africa,5,True,EXCLUDED_OTHER_DEFECT_CLASS
1876,1101,32,continent,21,Africa,6,True,EXCLUDED_OTHER_DEFECT_CLASS
1879,1091,37,continent,21,Africa,6,True,EXCLUDED_OTHER_DEFECT_CLASS
1880,1102,37,continent,21,Africa,7,True,EXCLUDED_OTHER_DEFECT_CLASS
1884,1092,39,continent,21,Africa,2,True,EXCLUDED_OTHER_DEFECT_CLASS
1885,1014,39,continent,21,Africa,3,True,EXCLUDED_OTHER_DEFECT_CLASS
1886,1103,39,continent,21,Africa,4,True,EXCLUDED_OTHER_DEFECT_CLASS
1887,1044,39,continent,21,Africa,5,True,EXCLUDED_OTHER_DEFECT_CLASS
1888,1053,39,continent,21,Africa,6,True,EXCLUDED_OTHER_DEFECT_CLASS
1903,1087,177,continent,21,Africa,6,True,EXCLUDED_OTHER_DEFECT_CLASS
1904,1040,177,continent,21,Africa,7,True,EXCLUDED_OTHER_DEFECT_CLASS
1905,1072,177,continent,21,Africa,8,True,EXCLUDED_OTHER_DEFECT_CLASS
1906,1074,177,continent,21,Africa,9,True,EXCLUDED_OTHER_DEFECT_CLASS
1907,1098,177,continent,21,Africa,10,True,EXCLUDED_OTHER_DEFECT_CLASS
1908,1108,179,continent,21,Africa,6,True,EXCLUDED_OTHER_DEFECT_CLASS
1919,1068,185,continent,21,Africa,3,True,EXCLUDED_OTHER_DEFECT_CLASS
1924,1073,188,continent,21,Africa,3,True,EXCLUDED_OTHER_DEFECT_CLASS
1925,1035,188,continent,21,Africa,4,True,EXCLUDED_OTHER_DEFECT_CLASS
1926,1020,188,continent,21,Africa,5,True,EXCLUDED_OTHER_DEFECT_CLASS
1927,1029,188,continent,21,Africa,6,True,EXCLUDED_OTHER_DEFECT_CLASS
1928,1019,188,continent,21,Africa,7,True,EXCLUDED_OTHER_DEFECT_CLASS
