top_high5_result_id,contestant_id,contest_id,level,round_id,jurisdiction,rank,score,total_votes,migrated,reason
43,1109,23,regional,21,East Africa,1,0,0,True,AUTHORITATIVE_COHORT_RESULT
221,1043,11,continent,21,Africa,1,0,0,True,AUTHORITATIVE_COHORT_RESULT
248,1109,23,continent,21,Africa,1,0,0,False,AUTHORITATIVE_COHORT_RESULT
279,1067,137,continent,21,Africa,1,0,0,True,AUTHORITATIVE_COHORT_RESULT
280,1051,137,continent,21,Africa,2,0,0,True,AUTHORITATIVE_COHORT_RESULT
281,1042,137,continent,21,Africa,3,0,0,True,AUTHORITATIVE_COHORT_RESULT
288,1095,179,continent,21,Africa,2,0,0,True,AUTHORITATIVE_COHORT_RESULT
289,1083,179,continent,21,Africa,3,0,0,True,AUTHORITATIVE_COHORT_RESULT
290,1081,179,continent,21,Africa,4,0,0,True,AUTHORITATIVE_COHORT_RESULT
291,1079,179,continent,21,Africa,5,0,0,True,AUTHORITATIVE_COHORT_RESULT
292,1069,181,continent,21,Africa,1,5,1,True,AUTHORITATIVE_COHORT_RESULT
293,1070,183,continent,21,Africa,1,5,1,True,AUTHORITATIVE_COHORT_RESULT
294,1104,185,continent,21,Africa,1,5,1,True,AUTHORITATIVE_COHORT_RESULT
1019,88,23,regional,3,West Africa,1,2,1,True,AUTHORITATIVE_COHORT_RESULT
1025,96,27,regional,3,West Africa,1,0,0,True,AUTHORITATIVE_COHORT_RESULT
1033,110,34,regional,3,West Africa,1,0,0,True,AUTHORITATIVE_COHORT_RESULT
1053,124,41,regional,3,West Africa,1,0,0,True,AUTHORITATIVE_COHORT_RESULT
1055,459,42,regional,3,East Africa,2,0,0,True,AUTHORITATIVE_COHORT_RESULT
1056,126,42,regional,3,West Africa,1,0,0,True,AUTHORITATIVE_COHORT_RESULT
1059,501,45,regional,3,East Africa,3,4,1,True,AUTHORITATIVE_COHORT_RESULT
1060,132,45,regional,3,West Africa,1,0,0,True,AUTHORITATIVE_COHORT_RESULT
1061,136,47,regional,3,West Africa,1,0,0,True,AUTHORITATIVE_COHORT_RESULT
1062,552,49,regional,3,East Africa,1,10,2,True,AUTHORITATIVE_COHORT_RESULT
1063,514,49,regional,3,East Africa,2,4,1,True,AUTHORITATIVE_COHORT_RESULT
1064,140,49,regional,3,West Africa,1,0,0,True,AUTHORITATIVE_COHORT_RESULT
1065,144,51,regional,3,West Africa,1,0,0,True,AUTHORITATIVE_COHORT_RESULT
1066,148,53,regional,3,West Africa,1,0,0,True,AUTHORITATIVE_COHORT_RESULT
1067,152,55,regional,3,West Africa,1,0,0,True,AUTHORITATIVE_COHORT_RESULT
1068,156,57,regional,3,West Africa,1,0,0,True,AUTHORITATIVE_COHORT_RESULT
1069,572,59,regional,3,East Africa,1,0,0,True,AUTHORITATIVE_COHORT_RESULT
1070,557,59,regional,3,East Africa,2,0,0,True,AUTHORITATIVE_COHORT_RESULT
1071,160,59,regional,3,West Africa,1,0,0,True,AUTHORITATIVE_COHORT_RESULT
1072,164,61,regional,3,West Africa,1,0,0,True,AUTHORITATIVE_COHORT_RESULT
1073,559,62,regional,3,East Africa,1,0,0,True,AUTHORITATIVE_COHORT_RESULT
1074,166,62,regional,3,West Africa,1,0,0,True,AUTHORITATIVE_COHORT_RESULT
1075,170,64,regional,3,West Africa,1,0,0,True,AUTHORITATIVE_COHORT_RESULT
1076,504,64,regional,3,East Africa,1,0,0,True,AUTHORITATIVE_COHORT_RESULT
1077,174,66,regional,3,West Africa,1,0,0,True,AUTHORITATIVE_COHORT_RESULT
1078,178,68,regional,3,West Africa,1,0,0,True,AUTHORITATIVE_COHORT_RESULT
1079,182,70,regional,3,West Africa,1,0,0,True,AUTHORITATIVE_COHORT_RESULT
1080,186,72,regional,3,West Africa,1,0,0,True,AUTHORITATIVE_COHORT_RESULT
1081,589,74,regional,3,West Africa,1,5,1,True,AUTHORITATIVE_COHORT_RESULT
1082,585,74,regional,3,West Africa,2,4,1,True,AUTHORITATIVE_COHORT_RESULT
1083,633,74,regional,3,West Africa,3,3,1,True,AUTHORITATIVE_COHORT_RESULT
1084,190,74,regional,3,West Africa,4,2,1,True,AUTHORITATIVE_COHORT_RESULT
1085,194,76,regional,3,West Africa,1,0,0,True,AUTHORITATIVE_COHORT_RESULT
1086,198,78,regional,3,West Africa,1,0,0,True,AUTHORITATIVE_COHORT_RESULT
1089,623,78,regional,3,West Africa,4,20,4,True,AUTHORITATIVE_COHORT_RESULT
1092,202,80,regional,3,West Africa,1,0,0,True,AUTHORITATIVE_COHORT_RESULT
1093,206,82,regional,3,West Africa,1,0,0,True,AUTHORITATIVE_COHORT_RESULT
1094,210,84,regional,3,West Africa,1,0,0,True,AUTHORITATIVE_COHORT_RESULT
1095,526,86,regional,3,East Africa,1,0,0,True,AUTHORITATIVE_COHORT_RESULT
1096,214,86,regional,3,West Africa,1,0,0,True,AUTHORITATIVE_COHORT_RESULT
1097,218,88,regional,3,West Africa,1,0,0,True,AUTHORITATIVE_COHORT_RESULT
1098,222,90,regional,3,West Africa,1,0,0,True,AUTHORITATIVE_COHORT_RESULT
1099,226,92,regional,3,West Africa,1,0,0,True,AUTHORITATIVE_COHORT_RESULT
1100,230,94,regional,3,West Africa,1,0,0,True,AUTHORITATIVE_COHORT_RESULT
1101,238,98,regional,3,West Africa,1,0,0,True,AUTHORITATIVE_COHORT_RESULT
1102,242,100,regional,3,West Africa,1,0,0,True,AUTHORITATIVE_COHORT_RESULT
1103,246,102,regional,3,West Africa,1,0,0,True,AUTHORITATIVE_COHORT_RESULT
1104,248,103,regional,3,West Africa,1,0,0,True,AUTHORITATIVE_COHORT_RESULT
1105,250,104,regional,3,West Africa,1,0,0,True,AUTHORITATIVE_COHORT_RESULT
1106,254,106,regional,3,West Africa,1,0,0,True,AUTHORITATIVE_COHORT_RESULT
1107,258,108,regional,3,West Africa,1,0,0,True,AUTHORITATIVE_COHORT_RESULT
1108,262,110,regional,3,West Africa,1,0,0,True,AUTHORITATIVE_COHORT_RESULT
1109,266,112,regional,3,West Africa,1,0,0,True,AUTHORITATIVE_COHORT_RESULT
1110,270,114,regional,3,West Africa,1,0,0,True,AUTHORITATIVE_COHORT_RESULT
1111,272,115,regional,3,West Africa,1,0,0,True,AUTHORITATIVE_COHORT_RESULT
1112,276,117,regional,3,West Africa,1,0,0,True,AUTHORITATIVE_COHORT_RESULT
1113,280,119,regional,3,West Africa,1,0,0,True,AUTHORITATIVE_COHORT_RESULT
1114,284,121,regional,3,West Africa,1,5,1,True,AUTHORITATIVE_COHORT_RESULT
1115,288,123,regional,3,West Africa,1,0,0,True,AUTHORITATIVE_COHORT_RESULT
1116,292,125,regional,3,West Africa,1,0,0,True,AUTHORITATIVE_COHORT_RESULT
1117,296,127,regional,3,West Africa,1,0,0,True,AUTHORITATIVE_COHORT_RESULT
1118,300,129,regional,3,West Africa,1,0,0,True,AUTHORITATIVE_COHORT_RESULT
1119,304,131,regional,3,West Africa,1,0,0,True,AUTHORITATIVE_COHORT_RESULT
1120,308,133,regional,3,West Africa,1,0,0,True,AUTHORITATIVE_COHORT_RESULT
1121,312,135,regional,3,West Africa,1,0,0,True,AUTHORITATIVE_COHORT_RESULT
1123,320,139,regional,3,West Africa,1,0,0,True,AUTHORITATIVE_COHORT_RESULT
1124,324,141,regional,3,West Africa,1,0,0,True,AUTHORITATIVE_COHORT_RESULT
1125,328,143,regional,3,West Africa,1,0,0,True,AUTHORITATIVE_COHORT_RESULT
1126,332,145,regional,3,West Africa,1,0,0,True,AUTHORITATIVE_COHORT_RESULT
1127,573,147,regional,3,East Africa,1,0,0,True,AUTHORITATIVE_COHORT_RESULT
1128,336,147,regional,3,West Africa,1,0,0,True,AUTHORITATIVE_COHORT_RESULT
1129,340,149,regional,3,West Africa,1,0,0,True,AUTHORITATIVE_COHORT_RESULT
1130,344,151,regional,3,West Africa,1,0,0,True,AUTHORITATIVE_COHORT_RESULT
1131,348,153,regional,3,West Africa,1,0,0,True,AUTHORITATIVE_COHORT_RESULT
1132,352,155,regional,3,West Africa,1,0,0,True,AUTHORITATIVE_COHORT_RESULT
1133,356,157,regional,3,West Africa,1,0,0,True,AUTHORITATIVE_COHORT_RESULT
1134,360,159,regional,3,West Africa,1,0,0,True,AUTHORITATIVE_COHORT_RESULT
1135,364,161,regional,3,West Africa,1,0,0,True,AUTHORITATIVE_COHORT_RESULT
1136,368,163,regional,3,West Africa,1,0,0,True,AUTHORITATIVE_COHORT_RESULT
1137,372,165,regional,3,West Africa,1,0,0,True,AUTHORITATIVE_COHORT_RESULT
1138,376,167,regional,3,West Africa,1,0,0,True,AUTHORITATIVE_COHORT_RESULT
1139,380,169,regional,3,West Africa,1,0,0,True,AUTHORITATIVE_COHORT_RESULT
1140,382,170,regional,3,West Africa,1,0,0,True,AUTHORITATIVE_COHORT_RESULT
1141,384,171,regional,3,West Africa,1,0,0,True,AUTHORITATIVE_COHORT_RESULT
1142,388,173,regional,3,West Africa,1,0,0,True,AUTHORITATIVE_COHORT_RESULT
1143,612,175,regional,3,West Africa,1,0,0,True,AUTHORITATIVE_COHORT_RESULT
1144,392,175,regional,3,West Africa,2,0,0,True,AUTHORITATIVE_COHORT_RESULT
1146,400,179,regional,3,West Africa,1,0,0,True,AUTHORITATIVE_COHORT_RESULT
1147,404,181,regional,3,West Africa,1,0,0,True,AUTHORITATIVE_COHORT_RESULT
1148,408,183,regional,3,West Africa,1,0,0,True,AUTHORITATIVE_COHORT_RESULT
1155,565,190,regional,3,East Africa,1,0,0,True,AUTHORITATIVE_COHORT_RESULT
1156,564,192,regional,3,East Africa,1,0,0,True,AUTHORITATIVE_COHORT_RESULT
1204,463,17,continent,3,Africa,1,5,1,False,AUTHORITATIVE_COHORT_RESULT
1206,511,19,continent,3,Africa,1,5,1,False,AUTHORITATIVE_COHORT_RESULT
1221,96,27,continent,3,Africa,1,0,0,False,AUTHORITATIVE_COHORT_RESULT
1224,577,29,continent,3,Africa,3,2,1,False,AUTHORITATIVE_COHORT_RESULT
1227,574,32,continent,3,Africa,1,3,1,False,AUTHORITATIVE_COHORT_RESULT
1229,110,34,continent,3,Africa,1,0,0,False,AUTHORITATIVE_COHORT_RESULT
1244,471,42,continent,3,Africa,1,10,2,True,AUTHORITATIVE_COHORT_RESULT
1245,459,42,continent,3,Africa,2,9,2,True,AUTHORITATIVE_COHORT_RESULT
1252,552,49,continent,3,Africa,1,0,0,False,AUTHORITATIVE_COHORT_RESULT
1253,514,49,continent,3,Africa,2,0,0,False,AUTHORITATIVE_COHORT_RESULT
1254,140,49,continent,3,Africa,3,0,0,False,AUTHORITATIVE_COHORT_RESULT
1255,144,51,continent,3,Africa,1,0,0,False,AUTHORITATIVE_COHORT_RESULT
1256,148,53,continent,3,Africa,1,0,0,False,AUTHORITATIVE_COHORT_RESULT
1257,152,55,continent,3,Africa,1,0,0,False,AUTHORITATIVE_COHORT_RESULT
1258,156,57,continent,3,Africa,1,0,0,False,AUTHORITATIVE_COHORT_RESULT
1259,572,59,continent,3,Africa,1,0,0,False,AUTHORITATIVE_COHORT_RESULT
1260,557,59,continent,3,Africa,2,0,0,False,AUTHORITATIVE_COHORT_RESULT
1261,160,59,continent,3,Africa,3,0,0,False,AUTHORITATIVE_COHORT_RESULT
1262,164,61,continent,3,Africa,1,0,0,False,AUTHORITATIVE_COHORT_RESULT
1263,559,62,continent,3,Africa,1,0,0,False,AUTHORITATIVE_COHORT_RESULT
1264,166,62,continent,3,Africa,2,0,0,False,AUTHORITATIVE_COHORT_RESULT
1265,504,64,continent,3,Africa,1,3,1,True,AUTHORITATIVE_COHORT_RESULT
1267,174,66,continent,3,Africa,1,0,0,False,AUTHORITATIVE_COHORT_RESULT
1268,178,68,continent,3,Africa,1,0,0,False,AUTHORITATIVE_COHORT_RESULT
1269,182,70,continent,3,Africa,1,0,0,False,AUTHORITATIVE_COHORT_RESULT
1270,186,72,continent,3,Africa,1,0,0,False,AUTHORITATIVE_COHORT_RESULT
1271,633,74,continent,3,Africa,1,0,0,True,AUTHORITATIVE_COHORT_RESULT
1272,589,74,continent,3,Africa,2,0,0,True,AUTHORITATIVE_COHORT_RESULT
1273,585,74,continent,3,Africa,3,0,0,True,AUTHORITATIVE_COHORT_RESULT
1274,190,74,continent,3,Africa,4,0,0,False,AUTHORITATIVE_COHORT_RESULT
1275,194,76,continent,3,Africa,1,0,0,False,AUTHORITATIVE_COHORT_RESULT
1276,632,78,continent,3,Africa,1,0,0,True,AUTHORITATIVE_COHORT_RESULT
1277,628,78,continent,3,Africa,2,0,0,True,AUTHORITATIVE_COHORT_RESULT
1278,623,78,continent,3,Africa,3,0,0,True,AUTHORITATIVE_COHORT_RESULT
1283,206,82,continent,3,Africa,1,0,0,False,AUTHORITATIVE_COHORT_RESULT
1284,210,84,continent,3,Africa,1,0,0,False,AUTHORITATIVE_COHORT_RESULT
1286,214,86,continent,3,Africa,2,0,0,False,AUTHORITATIVE_COHORT_RESULT
1287,218,88,continent,3,Africa,1,0,0,False,AUTHORITATIVE_COHORT_RESULT
1288,222,90,continent,3,Africa,1,0,0,False,AUTHORITATIVE_COHORT_RESULT
1289,226,92,continent,3,Africa,1,0,0,False,AUTHORITATIVE_COHORT_RESULT
1290,230,94,continent,3,Africa,1,0,0,False,AUTHORITATIVE_COHORT_RESULT
1291,238,98,continent,3,Africa,1,0,0,False,AUTHORITATIVE_COHORT_RESULT
1292,242,100,continent,3,Africa,1,0,0,False,AUTHORITATIVE_COHORT_RESULT
1293,246,102,continent,3,Africa,1,0,0,False,AUTHORITATIVE_COHORT_RESULT
1294,248,103,continent,3,Africa,1,0,0,False,AUTHORITATIVE_COHORT_RESULT
1295,250,104,continent,3,Africa,1,0,0,False,AUTHORITATIVE_COHORT_RESULT
1296,254,106,continent,3,Africa,1,0,0,False,AUTHORITATIVE_COHORT_RESULT
1297,258,108,continent,3,Africa,1,0,0,False,AUTHORITATIVE_COHORT_RESULT
1298,262,110,continent,3,Africa,1,0,0,False,AUTHORITATIVE_COHORT_RESULT
1299,266,112,continent,3,Africa,1,0,0,False,AUTHORITATIVE_COHORT_RESULT
1300,270,114,continent,3,Africa,1,0,0,False,AUTHORITATIVE_COHORT_RESULT
1301,272,115,continent,3,Africa,1,0,0,False,AUTHORITATIVE_COHORT_RESULT
1302,276,117,continent,3,Africa,1,0,0,False,AUTHORITATIVE_COHORT_RESULT
1303,280,119,continent,3,Africa,1,0,0,False,AUTHORITATIVE_COHORT_RESULT
1304,284,121,continent,3,Africa,1,0,0,False,AUTHORITATIVE_COHORT_RESULT
1305,288,123,continent,3,Africa,1,0,0,False,AUTHORITATIVE_COHORT_RESULT
1306,292,125,continent,3,Africa,1,0,0,False,AUTHORITATIVE_COHORT_RESULT
1307,296,127,continent,3,Africa,1,0,0,True,AUTHORITATIVE_COHORT_RESULT
1308,300,129,continent,3,Africa,1,0,0,True,AUTHORITATIVE_COHORT_RESULT
1309,304,131,continent,3,Africa,1,0,0,True,AUTHORITATIVE_COHORT_RESULT
1310,308,133,continent,3,Africa,1,0,0,True,AUTHORITATIVE_COHORT_RESULT
1311,312,135,continent,3,Africa,1,0,0,True,AUTHORITATIVE_COHORT_RESULT
1313,320,139,continent,3,Africa,1,0,0,True,AUTHORITATIVE_COHORT_RESULT
1314,324,141,continent,3,Africa,1,0,0,True,AUTHORITATIVE_COHORT_RESULT
1315,328,143,continent,3,Africa,1,0,0,True,AUTHORITATIVE_COHORT_RESULT
1316,332,145,continent,3,Africa,1,0,0,True,AUTHORITATIVE_COHORT_RESULT
1317,573,147,continent,3,Africa,1,0,0,True,AUTHORITATIVE_COHORT_RESULT
1318,336,147,continent,3,Africa,2,0,0,True,AUTHORITATIVE_COHORT_RESULT
1319,340,149,continent,3,Africa,1,0,0,True,AUTHORITATIVE_COHORT_RESULT
1320,344,151,continent,3,Africa,1,0,0,True,AUTHORITATIVE_COHORT_RESULT
1321,348,153,continent,3,Africa,1,0,0,True,AUTHORITATIVE_COHORT_RESULT
1322,352,155,continent,3,Africa,1,0,0,True,AUTHORITATIVE_COHORT_RESULT
1323,356,157,continent,3,Africa,1,0,0,True,AUTHORITATIVE_COHORT_RESULT
1324,360,159,continent,3,Africa,1,0,0,True,AUTHORITATIVE_COHORT_RESULT
1325,364,161,continent,3,Africa,1,0,0,True,AUTHORITATIVE_COHORT_RESULT
1326,368,163,continent,3,Africa,1,0,0,True,AUTHORITATIVE_COHORT_RESULT
1327,372,165,continent,3,Africa,1,0,0,True,AUTHORITATIVE_COHORT_RESULT
1328,376,167,continent,3,Africa,1,0,0,True,AUTHORITATIVE_COHORT_RESULT
1329,380,169,continent,3,Africa,1,0,0,True,AUTHORITATIVE_COHORT_RESULT
1330,382,170,continent,3,Africa,1,0,0,True,AUTHORITATIVE_COHORT_RESULT
1331,384,171,continent,3,Africa,1,0,0,True,AUTHORITATIVE_COHORT_RESULT
1332,388,173,continent,3,Africa,1,0,0,True,AUTHORITATIVE_COHORT_RESULT
1333,612,175,continent,3,Africa,1,0,0,True,AUTHORITATIVE_COHORT_RESULT
1334,392,175,continent,3,Africa,2,0,0,True,AUTHORITATIVE_COHORT_RESULT
1345,565,190,continent,3,Africa,1,0,0,True,AUTHORITATIVE_COHORT_RESULT
1346,564,192,continent,3,Africa,1,0,0,True,AUTHORITATIVE_COHORT_RESULT
1445,876,41,regional,4,West Africa,1,0,0,True,AUTHORITATIVE_COHORT_RESULT
1446,870,41,regional,4,West Africa,2,0,0,True,AUTHORITATIVE_COHORT_RESULT
1447,946,41,regional,4,East Africa,1,0,0,True,AUTHORITATIVE_COHORT_RESULT
1448,918,41,regional,4,East Africa,2,0,0,True,AUTHORITATIVE_COHORT_RESULT
1449,906,41,regional,4,East Africa,3,0,0,True,AUTHORITATIVE_COHORT_RESULT
1450,677,41,regional,4,East Africa,4,0,0,True,AUTHORITATIVE_COHORT_RESULT
1451,671,41,regional,4,East Africa,5,0,0,True,AUTHORITATIVE_COHORT_RESULT
1452,879,42,regional,4,West Africa,1,0,0,True,AUTHORITATIVE_COHORT_RESULT
1453,871,42,regional,4,West Africa,2,0,0,True,AUTHORITATIVE_COHORT_RESULT
1454,947,42,regional,4,East Africa,1,0,0,True,AUTHORITATIVE_COHORT_RESULT
1455,919,42,regional,4,East Africa,2,0,0,True,AUTHORITATIVE_COHORT_RESULT
1456,908,42,regional,4,East Africa,3,0,0,True,AUTHORITATIVE_COHORT_RESULT
1457,904,42,regional,4,East Africa,4,0,0,True,AUTHORITATIVE_COHORT_RESULT
1459,920,45,regional,4,East Africa,2,0,0,True,AUTHORITATIVE_COHORT_RESULT
1460,907,45,regional,4,East Africa,3,0,0,True,AUTHORITATIVE_COHORT_RESULT
1461,678,45,regional,4,East Africa,4,0,0,True,AUTHORITATIVE_COHORT_RESULT
1462,877,45,regional,4,West Africa,1,0,0,True,AUTHORITATIVE_COHORT_RESULT
1463,868,45,regional,4,West Africa,2,0,0,True,AUTHORITATIVE_COHORT_RESULT
1464,949,47,regional,4,East Africa,1,0,0,True,AUTHORITATIVE_COHORT_RESULT
1465,921,47,regional,4,East Africa,2,0,0,True,AUTHORITATIVE_COHORT_RESULT
1466,910,47,regional,4,East Africa,3,0,0,True,AUTHORITATIVE_COHORT_RESULT
1467,905,47,regional,4,East Africa,4,0,0,True,AUTHORITATIVE_COHORT_RESULT
1468,878,47,regional,4,West Africa,1,0,0,True,AUTHORITATIVE_COHORT_RESULT
1469,869,47,regional,4,West Africa,2,0,0,True,AUTHORITATIVE_COHORT_RESULT
1483,932,64,regional,4,West Africa,1,0,0,True,AUTHORITATIVE_COHORT_RESULT
1484,930,64,regional,4,West Africa,2,0,0,True,AUTHORITATIVE_COHORT_RESULT
1485,940,64,regional,4,East Africa,1,0,0,True,AUTHORITATIVE_COHORT_RESULT
1486,935,64,regional,4,East Africa,2,0,0,True,AUTHORITATIVE_COHORT_RESULT
1487,933,64,regional,4,East Africa,3,0,0,True,AUTHORITATIVE_COHORT_RESULT
1491,976,72,regional,4,East Africa,1,0,0,True,AUTHORITATIVE_COHORT_RESULT
1492,642,72,regional,4,East Africa,2,0,0,True,AUTHORITATIVE_COHORT_RESULT
1503,998,80,regional,4,East Africa,1,0,0,True,AUTHORITATIVE_COHORT_RESULT
1504,982,80,regional,4,East Africa,2,0,0,True,AUTHORITATIVE_COHORT_RESULT
1505,980,80,regional,4,East Africa,3,0,0,True,AUTHORITATIVE_COHORT_RESULT
1506,972,80,regional,4,East Africa,4,0,0,True,AUTHORITATIVE_COHORT_RESULT
1508,959,84,regional,4,East Africa,1,0,0,True,AUTHORITATIVE_COHORT_RESULT
1513,866,88,regional,4,West Africa,1,0,0,True,AUTHORITATIVE_COHORT_RESULT
1514,864,88,regional,4,West Africa,2,0,0,True,AUTHORITATIVE_COHORT_RESULT
1515,850,88,regional,4,West Africa,3,0,0,True,AUTHORITATIVE_COHORT_RESULT
1516,881,90,regional,4,West Africa,1,0,0,True,AUTHORITATIVE_COHORT_RESULT
1517,873,90,regional,4,West Africa,2,0,0,True,AUTHORITATIVE_COHORT_RESULT
1518,893,92,regional,4,West Africa,1,0,0,True,AUTHORITATIVE_COHORT_RESULT
1519,886,92,regional,4,West Africa,2,0,0,True,AUTHORITATIVE_COHORT_RESULT
1520,885,92,regional,4,West Africa,3,0,0,True,AUTHORITATIVE_COHORT_RESULT
1523,880,100,regional,4,West Africa,1,0,0,True,AUTHORITATIVE_COHORT_RESULT
1524,874,100,regional,4,West Africa,2,0,0,True,AUTHORITATIVE_COHORT_RESULT
1526,851,103,regional,4,West Africa,1,0,0,True,AUTHORITATIVE_COHORT_RESULT
1599,791,196,regional,4,East Africa,1,0,0,True,AUTHORITATIVE_COHORT_RESULT
1604,771,213,regional,4,East Africa,5,1,1,True,AUTHORITATIVE_COHORT_RESULT
1607,827,215,regional,4,East Africa,3,0,0,True,AUTHORITATIVE_COHORT_RESULT
1608,789,215,regional,4,East Africa,4,0,0,True,AUTHORITATIVE_COHORT_RESULT
1609,914,215,regional,4,West Africa,1,0,0,True,AUTHORITATIVE_COHORT_RESULT
1610,774,217,regional,4,East Africa,1,0,0,True,AUTHORITATIVE_COHORT_RESULT
1611,773,217,regional,4,East Africa,2,0,0,True,AUTHORITATIVE_COHORT_RESULT
1612,988,219,regional,4,East Africa,1,0,0,True,AUTHORITATIVE_COHORT_RESULT
1613,941,223,regional,4,East Africa,1,0,0,True,AUTHORITATIVE_COHORT_RESULT
1614,936,223,regional,4,East Africa,2,0,0,True,AUTHORITATIVE_COHORT_RESULT
1625,995,11,continent,4,Africa,2,4,1,True,AUTHORITATIVE_COHORT_RESULT
1626,992,11,continent,4,Africa,3,2,1,True,AUTHORITATIVE_COHORT_RESULT
1628,984,11,continent,4,Africa,5,0,0,False,AUTHORITATIVE_COHORT_RESULT
1629,974,13,continent,4,Africa,1,0,0,True,AUTHORITATIVE_COHORT_RESULT
1630,664,13,continent,4,Africa,2,0,0,True,AUTHORITATIVE_COHORT_RESULT
1631,839,15,continent,4,Africa,1,0,0,True,AUTHORITATIVE_COHORT_RESULT
1633,640,17,continent,4,Africa,2,0,0,True,AUTHORITATIVE_COHORT_RESULT
1635,944,19,continent,4,Africa,1,0,0,True,AUTHORITATIVE_COHORT_RESULT
1636,837,19,continent,4,Africa,2,0,0,True,AUTHORITATIVE_COHORT_RESULT
1637,803,19,continent,4,Africa,3,0,0,True,AUTHORITATIVE_COHORT_RESULT
1641,915,21,continent,4,Africa,2,0,0,False,AUTHORITATIVE_COHORT_RESULT
1642,841,21,continent,4,Africa,3,0,0,True,AUTHORITATIVE_COHORT_RESULT
1643,840,21,continent,4,Africa,4,0,0,True,AUTHORITATIVE_COHORT_RESULT
1644,775,21,continent,4,Africa,5,0,0,True,AUTHORITATIVE_COHORT_RESULT
1645,883,25,continent,4,Africa,1,0,0,False,AUTHORITATIVE_COHORT_RESULT
1646,875,25,continent,4,Africa,2,0,0,False,AUTHORITATIVE_COHORT_RESULT
1648,996,29,continent,4,Africa,1,0,0,True,AUTHORITATIVE_COHORT_RESULT
1649,975,29,continent,4,Africa,2,0,0,True,AUTHORITATIVE_COHORT_RESULT
1651,945,31,continent,4,Africa,1,0,0,True,AUTHORITATIVE_COHORT_RESULT
1652,917,31,continent,4,Africa,2,0,0,True,AUTHORITATIVE_COHORT_RESULT
1653,1000,32,continent,4,Africa,1,0,0,True,AUTHORITATIVE_COHORT_RESULT
1654,1001,37,continent,4,Africa,1,0,0,True,AUTHORITATIVE_COHORT_RESULT
1660,946,41,continent,4,Africa,1,0,0,True,AUTHORITATIVE_COHORT_RESULT
1661,918,41,continent,4,Africa,2,0,0,False,AUTHORITATIVE_COHORT_RESULT
1662,906,41,continent,4,Africa,3,0,0,False,AUTHORITATIVE_COHORT_RESULT
1663,876,41,continent,4,Africa,4,0,0,True,AUTHORITATIVE_COHORT_RESULT
1664,870,41,continent,4,Africa,5,0,0,True,AUTHORITATIVE_COHORT_RESULT
1665,947,42,continent,4,Africa,1,0,0,True,AUTHORITATIVE_COHORT_RESULT
1666,919,42,continent,4,Africa,2,0,0,False,AUTHORITATIVE_COHORT_RESULT
1667,908,42,continent,4,Africa,3,0,0,True,AUTHORITATIVE_COHORT_RESULT
1668,904,42,continent,4,Africa,4,0,0,True,AUTHORITATIVE_COHORT_RESULT
1669,879,42,continent,4,Africa,5,0,0,True,AUTHORITATIVE_COHORT_RESULT
1670,948,45,continent,4,Africa,1,0,0,True,AUTHORITATIVE_COHORT_RESULT
1671,920,45,continent,4,Africa,2,0,0,True,AUTHORITATIVE_COHORT_RESULT
1672,907,45,continent,4,Africa,3,0,0,False,AUTHORITATIVE_COHORT_RESULT
1673,877,45,continent,4,Africa,4,0,0,True,AUTHORITATIVE_COHORT_RESULT
1674,868,45,continent,4,Africa,5,0,0,True,AUTHORITATIVE_COHORT_RESULT
1675,949,47,continent,4,Africa,1,0,0,True,AUTHORITATIVE_COHORT_RESULT
1676,921,47,continent,4,Africa,2,0,0,True,AUTHORITATIVE_COHORT_RESULT
1677,910,47,continent,4,Africa,3,0,0,True,AUTHORITATIVE_COHORT_RESULT
1678,905,47,continent,4,Africa,4,0,0,False,AUTHORITATIVE_COHORT_RESULT
1679,878,47,continent,4,Africa,5,0,0,True,AUTHORITATIVE_COHORT_RESULT
1680,940,64,continent,4,Africa,1,0,0,True,AUTHORITATIVE_COHORT_RESULT
1681,935,64,continent,4,Africa,2,0,0,True,AUTHORITATIVE_COHORT_RESULT
1682,933,64,continent,4,Africa,3,0,0,True,AUTHORITATIVE_COHORT_RESULT
1683,932,64,continent,4,Africa,4,0,0,True,AUTHORITATIVE_COHORT_RESULT
1684,930,64,continent,4,Africa,5,0,0,True,AUTHORITATIVE_COHORT_RESULT
1685,976,72,continent,4,Africa,1,0,0,True,AUTHORITATIVE_COHORT_RESULT
1686,642,72,continent,4,Africa,2,0,0,True,AUTHORITATIVE_COHORT_RESULT
1687,998,80,continent,4,Africa,1,0,0,False,AUTHORITATIVE_COHORT_RESULT
1688,982,80,continent,4,Africa,2,0,0,False,AUTHORITATIVE_COHORT_RESULT
1689,980,80,continent,4,Africa,3,0,0,True,AUTHORITATIVE_COHORT_RESULT
1690,972,80,continent,4,Africa,4,0,0,True,AUTHORITATIVE_COHORT_RESULT
1691,959,84,continent,4,Africa,1,0,0,True,AUTHORITATIVE_COHORT_RESULT
1692,866,88,continent,4,Africa,1,0,0,True,AUTHORITATIVE_COHORT_RESULT
1693,864,88,continent,4,Africa,2,0,0,True,AUTHORITATIVE_COHORT_RESULT
1694,850,88,continent,4,Africa,3,0,0,True,AUTHORITATIVE_COHORT_RESULT
1695,881,90,continent,4,Africa,1,0,0,True,AUTHORITATIVE_COHORT_RESULT
1696,873,90,continent,4,Africa,2,0,0,True,AUTHORITATIVE_COHORT_RESULT
1697,893,92,continent,4,Africa,1,0,0,True,AUTHORITATIVE_COHORT_RESULT
1698,886,92,continent,4,Africa,2,0,0,True,AUTHORITATIVE_COHORT_RESULT
1699,885,92,continent,4,Africa,3,0,0,True,AUTHORITATIVE_COHORT_RESULT
1700,880,100,continent,4,Africa,1,0,0,True,AUTHORITATIVE_COHORT_RESULT
1701,874,100,continent,4,Africa,2,0,0,True,AUTHORITATIVE_COHORT_RESULT
1702,851,103,continent,4,Africa,1,0,0,True,AUTHORITATIVE_COHORT_RESULT
1706,872,177,continent,4,Africa,1,2,1,True,AUTHORITATIVE_COHORT_RESULT
1707,882,177,continent,4,Africa,2,0,0,False,AUTHORITATIVE_COHORT_RESULT
1708,999,185,continent,4,Africa,1,0,0,True,AUTHORITATIVE_COHORT_RESULT
1712,791,196,continent,4,Africa,1,0,0,True,AUTHORITATIVE_COHORT_RESULT
1713,989,213,continent,4,Africa,1,0,0,False,AUTHORITATIVE_COHORT_RESULT
1714,985,213,continent,4,Africa,2,0,0,False,AUTHORITATIVE_COHORT_RESULT
1715,978,213,continent,4,Africa,3,0,0,False,AUTHORITATIVE_COHORT_RESULT
1718,914,215,continent,4,Africa,1,0,0,False,AUTHORITATIVE_COHORT_RESULT
1719,834,215,continent,4,Africa,2,0,0,True,AUTHORITATIVE_COHORT_RESULT
1720,829,215,continent,4,Africa,3,0,0,True,AUTHORITATIVE_COHORT_RESULT
1723,774,217,continent,4,Africa,1,0,0,True,AUTHORITATIVE_COHORT_RESULT
1724,773,217,continent,4,Africa,2,0,0,True,AUTHORITATIVE_COHORT_RESULT
1725,988,219,continent,4,Africa,1,0,0,False,AUTHORITATIVE_COHORT_RESULT
1726,941,223,continent,4,Africa,1,0,0,True,AUTHORITATIVE_COHORT_RESULT
1727,936,223,continent,4,Africa,2,0,0,True,AUTHORITATIVE_COHORT_RESULT
1751,1166,23,regional,26,East Africa,1,0,0,True,AUTHORITATIVE_COHORT_RESULT
1766,1136,121,regional,26,West Africa,1,0,0,True,AUTHORITATIVE_COHORT_RESULT
1767,1135,121,regional,26,West Africa,2,0,0,True,AUTHORITATIVE_COHORT_RESULT
1768,1115,175,regional,26,East Africa,1,0,0,True,AUTHORITATIVE_COHORT_RESULT
1772,1164,179,regional,26,East Africa,1,0,0,True,AUTHORITATIVE_COHORT_RESULT
1774,1156,179,regional,26,East Africa,3,0,0,True,AUTHORITATIVE_COHORT_RESULT
1777,1119,213,regional,26,East Africa,1,0,0,True,AUTHORITATIVE_COHORT_RESULT
1778,1118,215,regional,26,East Africa,1,0,0,True,AUTHORITATIVE_COHORT_RESULT
1812,1041,9,continent,21,Africa,4,4,1,True,AUTHORITATIVE_COHORT_RESULT
1821,648,13,continent,4,Africa,3,0,0,True,AUTHORITATIVE_COHORT_RESULT
1822,776,13,continent,4,Africa,4,0,0,True,AUTHORITATIVE_COHORT_RESULT
1826,784,15,continent,4,Africa,3,0,0,True,AUTHORITATIVE_COHORT_RESULT
1828,662,15,continent,4,Africa,5,0,0,True,AUTHORITATIVE_COHORT_RESULT
1852,1061,23,continent,21,Africa,6,0,0,True,AUTHORITATIVE_COHORT_RESULT
1863,656,29,continent,4,Africa,4,0,0,True,AUTHORITATIVE_COHORT_RESULT
1864,675,29,continent,4,Africa,5,0,0,True,AUTHORITATIVE_COHORT_RESULT
1873,787,32,continent,4,Africa,2,0,0,True,AUTHORITATIVE_COHORT_RESULT
1874,654,32,continent,4,Africa,3,0,0,True,AUTHORITATIVE_COHORT_RESULT
1882,887,39,continent,4,Africa,5,0,0,True,AUTHORITATIVE_COHORT_RESULT
1883,894,39,continent,4,Africa,6,0,0,True,AUTHORITATIVE_COHORT_RESULT
1890,1002,78,continent,21,Africa,6,0,0,True,AUTHORITATIVE_COHORT_RESULT
1895,966,80,continent,4,Africa,7,0,0,True,AUTHORITATIVE_COHORT_RESULT
1899,838,177,continent,4,Africa,3,5,1,True,AUTHORITATIVE_COHORT_RESULT
1902,911,177,continent,4,Africa,6,0,0,True,AUTHORITATIVE_COHORT_RESULT
1909,1047,181,continent,21,Africa,2,0,0,True,AUTHORITATIVE_COHORT_RESULT
1910,1055,181,continent,21,Africa,3,0,0,True,AUTHORITATIVE_COHORT_RESULT
1911,1106,181,continent,21,Africa,4,0,0,True,AUTHORITATIVE_COHORT_RESULT
1912,1096,181,continent,21,Africa,5,0,0,True,AUTHORITATIVE_COHORT_RESULT
1913,1046,183,continent,21,Africa,2,0,0,True,AUTHORITATIVE_COHORT_RESULT
1914,1056,183,continent,21,Africa,3,0,0,True,AUTHORITATIVE_COHORT_RESULT
1915,1107,183,continent,21,Africa,4,0,0,True,AUTHORITATIVE_COHORT_RESULT
1916,1097,183,continent,21,Africa,5,0,0,True,AUTHORITATIVE_COHORT_RESULT
1917,965,185,continent,4,Africa,2,0,0,True,AUTHORITATIVE_COHORT_RESULT
1918,1076,185,continent,21,Africa,2,0,0,True,AUTHORITATIVE_COHORT_RESULT
1920,1093,185,continent,21,Africa,4,0,0,True,AUTHORITATIVE_COHORT_RESULT
1935,1059,217,continent,21,Africa,3,0,0,True,AUTHORITATIVE_COHORT_RESULT
1937,929,219,continent,4,Africa,3,0,0,True,AUTHORITATIVE_COHORT_RESULT
1938,931,219,continent,4,Africa,4,0,0,True,AUTHORITATIVE_COHORT_RESULT
1939,934,219,continent,4,Africa,5,0,0,True,AUTHORITATIVE_COHORT_RESULT
1940,953,219,continent,4,Africa,6,0,0,True,AUTHORITATIVE_COHORT_RESULT
